LQR_x,LQR_y,LQR_z,NMPC N=1_x,NMPC N=1_y,NMPC N=1_z,LLTC N=1_x,LLTC N=1_y,LLTC N=1_z,AC-MPC N=1_x,AC-MPC N=1_y,AC-MPC N=1_z,Adaptive AC-MPC N=1_x,Adaptive AC-MPC N=1_y,Adaptive AC-MPC N=1_z,"Adaptive + RDP, offset CG (asym f=0.044)_x","Adaptive + RDP, offset CG (asym f=0.044)_y","Adaptive + RDP, offset CG (asym f=0.044)_z"
-0.7226198162610219,-0.09681649751802131,2.2379361363783334,-0.7226198162610219,-0.09681649751802131,2.2379361363783334,-0.7226198162610219,-0.09681649751802131,2.2379361363783334,-0.7226198162610219,-0.09681649751802131,2.2379361363783334,-1.2639717604912941,1.1863007508013037,1.332818541580933,-1.320051488385184,1.2336953499272463,1.3351523652390336
-0.7004762174765391,-0.08591372401126841,2.2381774461368877,-0.7004762452780562,-0.08591354338316112,2.238178944153708,-0.700476242938787,-0.08591316981647833,2.2381818675257206,-0.7004762993273141,-0.08591279464873985,2.238185058353195,-1.2855215764000683,1.1908654023372478,1.331559917993258,-1.3429972530849763,1.235065549055126,1.332733426601234
-0.6784751201747821,-0.07457423763808886,2.23839754824171,-0.6784753196852629,-0.07457303432507073,2.2384075461667603,-0.6784740844532686,-0.07457070377626092,2.238422359813413,-0.6784744100536267,-0.07456867040566321,2.238441317785749,-1.3070578581830423,1.1948971150977314,1.3303071062232747,-1.3659399255049176,1.236108998426891,1.330414779066901
-0.6566338156572441,-0.06280421358841387,2.238596161978742,-0.6566343876343139,-0.0628009470373248,2.238623328882506,-0.6566250292036614,-0.06279353078940166,2.2386559733448546,-0.6566258058967827,-0.06278940298544906,2.238703141425846,-1.3285999156644488,1.1984096716940646,1.3290691684630696,-1.3888427382801816,1.236927939832931,1.3280913934718697
-0.6349765756739946,-0.05061126974019693,2.238780014887741,-0.6349777117830085,-0.05060506519946661,2.2388316427254384,-0.6349418751969562,-0.050586362841405476,2.238882805636375,-0.6349432265023924,-0.0505818377440455,2.2389653423583997,-1.3501660496156762,1.2014182707612737,1.3278426446867373,-1.4116742031007372,1.237600676452786,1.3257197633232536
-0.6135328968285119,-0.038004826663154204,2.2389561821105923,-0.6135347913060195,-0.03799498855317267,2.239038139288855,-0.6134374226020709,-0.03795381105117749,2.2391062363840484,-0.6134395374361025,-0.03795342483014712,2.2392244722462715,-1.371772186109696,1.2039365936283828,1.326625555215957,-1.4344073844089968,1.2381862749835228,1.323284577532817
-0.592335399998229,-0.024995903200742648,2.2391289703983515,-0.5923382803606497,-0.024981880089294282,2.2392461654470446,-0.5921240450017865,-0.024900425605432316,2.239332133670017,-0.592127335021683,-0.024911927833143162,2.239479424690867,-1.393431646324913,1.2059763136163826,1.325419135408115,-1.4570204953550616,1.238727592722495,1.3207835092004159
-0.5714176056586706,-0.011596537716930398,2.239299347641703,-0.5714217027497099,-0.011578007677141117,2.239455166124337,-0.5710135804258155,-0.011430945788771454,2.2395665914924034,-0.5710188264043847,-0.011465333834792224,2.239730862439714,-1.4151553049460606,1.207547407309388,1.324226021675312,-1.479498049114208,1.2392539310143065,1.3182177732377887
-0.5508117708820806,0.00218095716950098,2.239465765575312,-0.5508171882067837,0.0022038715337035783,2.2396602192692674,-0.5501173680980854,0.002449508422639275,2.2398143594143662,-0.5501258443530982,0.002378177837390445,2.239980385814675,-1.4369518729575523,1.2086585679193904,1.323048712688901,-1.5018319135520604,1.2397833103235585,1.3155891726430369
-0.5305469398353603,0.016324740895015295,2.239625462239198,-0.5305534598001943,0.016351226140885133,2.2398528014506365,-0.5294463357031497,0.016735392297030915,2.2400785612964307,-0.5294599219423193,0.016610271808782797,2.2402300027186226,-1.458828173107814,1.2093174538784832,1.3218894135184498,-1.5240218595114867,1.240324331224443,1.3128999054635935
-0.5106473320948778,0.030824089551062524,2.239775729135883,-0.5106542656984076,0.03085249534327552,2.240022746763173,-0.5090110827710423,0.03142076666160895,2.240360988364625,-0.5090323755913199,0.031222490683911155,2.2404818023300703,-1.480789325513186,1.209530851942003,1.3207501889245912,-1.546075493941372,1.2408776013232607,1.3101538504340682
-0.4911311565040492,0.0456698755295778,2.2399148341620547,-0.4911373353183943,0.04569774784627986,2.2401607471204796,-0.48882194410681123,0.046499350822819,2.2406625215302003,-0.4888543758837009,0.04620629850912902,2.240737843774049,-1.5028388306894687,1.2093047919994178,1.3196330460847219,-1.5680076748683351,1.2414368721065798,1.3073577457970211
-0.47200994610760916,0.060854891682945125,2.2400428699871564,-0.47201386817735563,0.0608791731491315,2.2402608067779854,-0.4688890323716993,0.06196457231550904,2.2409834841764806,-0.4689369964877642,0.06155312165277084,2.2410001115602407,-1.5249785696259246,1.208644625448092,1.3185399257398664,-1.589839510222913,1.2419900868116616,1.304521183552243
-0.45328847596952426,0.07637401359224649,2.2401625745496574,-0.45328862672052356,0.07639145826084157,2.24032325521285,-0.44922226416801353,0.0778096044656629,2.241323869479689,-0.44929124162083933,0.07725438147416051,2.2412704694965693,-1.5472087485604131,1.207555073771153,1.3174726647096064,-1.611596924610604,1.2425204646762988,1.3016556594896165
-0.4349651255735817,0.09222402931430339,2.240278439936146,-0.4349604343899085,0.09223179765495577,2.240355705918428,-0.4298313748366709,0.09402739370109936,2.2416834710623874,-0.4299280581315501,0.09330152165837537,2.2415506211140537,-1.5695278126880778,1.206040255861331,1.3164329619358788,-1.6333087877509582,1.2430076223301514,1.298773425480727
-0.41703263492573556,0.10840318787218246,2.2403945206867766,-0.4170228819754255,0.10839938598601148,2.240370231292679,-0.41072592582676587,0.11061068158917214,2.2420619640810497,-0.41085833800495863,0.10968603279936205,2.24184208599122,-1.5919323486148358,1.2041037019529979,1.3154223602355726,-1.655004726746714,1.2434285520996418,1.295887094045176
-0.39947933357609894,0.12491070206738708,2.2405131124062114,-0.399465419972509,0.12489476078278255,2.240380323863714,-0.3919153067960106,0.12755202352148298,2.2424589553915286,-0.39209291472431496,0.12639947450086939,2.2421461867594243,-1.6144169916089546,1.2017483598810719,1.3144422500351869,-1.6767129189450312,1.2437582689766002,1.293010998865596
-0.3822907500739621,0.14174626312448715,2.2406345507284926,-0.38227477895030265,0.14171910053127088,2.240398502478208,-0.37340873418780085,0.14484380474638683,2.2428740107125775,-0.37364255547653447,0.14343349468255803,2.24246404137888,-1.6369743507538534,1.1989765973459339,1.313493900071275,-1.6984581956210265,1.2439701795093174,1.2901640177972735
-0.3654514207374191,0.1589095615077643,2.240757625256772,-0.36543658050640293,0.1588735106443441,2.2404345433510007,-0.35521524803225574,0.162478254700376,2.2433066689299164,-0.3555179505717833,0.16077984597667475,2.2427965589460306,-1.6595949623006148,1.1957902038529256,1.3125785077468561,-1.720260555159827,1.2440365267593547,1.2873698092072938
-0.3489467164870747,0.17639982391955153,2.2408802149750735,-0.3489370014281074,0.17635835536867003,2.240494447211049,-0.33734370809834247,0.18044746004008475,2.2437564489614985,-0.33772970103039607,0.17843039916746078,2.243144438369627,-1.6822672795958087,1.1921903958326336,1.311697258901234,-1.7421340149028304,1.2439290548948985,1.2846538318929723
-0.3327645249616916,0.19421538868936275,2.2409998997204905,-0.3327643506158417,0.19417269838759788,2.240580231351277,-0.3198027900446232,0.19874337652290514,2.244222852076922,-0.3202883050988651,0.19637715375874049,2.243508170742813,-1.7049777065215646,1.1881778285025868,1.3108513836627371,-1.764085848379672,1.2436194453049496,1.282042285583514
-0.3168966583144522,0.21235335347532222,2.241114496513036,-0.3169104303395418,0.2123139054636168,2.240690562954206,-0.30260098199487245,0.2173578399310389,2.244705362771354,-0.30320414417236474,0.2146122455804379,2.2438880445319547,-1.7277106805036568,1.1837526167668804,1.3100422040580777,-1.786116172480017,1.2430792921233287,1.2795619445741793
-0.301339883995714,0.23080931457990167,2.2412224258431173,-0.3013715747455309,0.23077742632626244,2.2408220030245145,-0.2857465817141615,0.2362825761102754,2.245203449523839,-0.2864874683350582,0.23312795125587119,2.2442841512811023,-1.7504488094423907,1.178914368635276,1.3092711513374224,-1.808217835595408,1.2422796963755598,1.2772408182334396
-0.28609653332226553,0.24957724323752048,2.241323198091228,-0.2861492958832807,0.24955674231446634,2.2409704783500497,-0.2692476944379334,0.25550921018002903,2.245716566201912,-0.2701483819706518,0.25191668988122473,2.244696394533699,-1.7731730638243652,1.173662235137724,1.3085397195963464,-1.830376545618381,1.2411906951860416,1.2751094638622833
-0.2711746563057941,0.26864952680044896,2.24141821294202,-0.27125051439370157,0.2686434728448952,2.241132796680756,-0.2531122313197052,0.2750292749465132,2.2462441543273215,-0.25419682994777215,0.27097102243617865,2.245124504177919,-1.7958630227946826,1.1679949759542732,1.3078493570426155,-1.8525711841770034,1.2397807217167736,1.273202352339358
-0.25658758304185847,0.28801700661618124,2.241510053062964,-0.2566872962183956,0.28802753846410134,2.2413071193252585,-0.23734790841120587,0.2948342185355321,2.246785646021684,-0.2386425837200145,0.2902836483792385,2.2455680439667867,-1.8184971734891924,1.1619110341625818,1.30720134297552,-1.874774280387356,1.2380162187687367,1.2715588544616532
-0.24235296855202573,0.3076690448463783,2.2416006981758847,-0.24247603974944615,0.3076973100059408,2.24149169555329,-0.221962246050092,0.31491541124475436,2.2473404671067962,-0.22349522757300702,0.3098473998709522,2.2460264167355186,-1.8410532607613603,1.1554086145170333,1.3065966857661762,-1.8969526454821233,1.2358614727038144,1.2702234931081133
-0.22849156031338935,0.32759378144243567,2.2416906897666475,-0.2286362795178556,0.32763986541536233,2.241683417646634,-0.20696256854938838,0.33526415164945744,2.247908040195592,-0.20876414524915407,0.3296552339764616,2.2464988736052423,-1.8635086795102935,1.1484857634304575,1.3060360465794718,-1.919068199059243,1.2332787022116365,1.2692451112161551
-0.21502580116251746,0.34777853790037294,2.2417791914386775,-0.21518929500747055,0.3478414013375597,2.2418771501850827,-0.19235600407848052,0.355871671992703,2.2484877875184592,-0.19445850674907997,0.3497002228167675,2.2469845267084114,-1.8858408973426004,1.1411404503611355,1.3055196880820283,-1.9410790475998776,1.2302284282445193,1.2686745388457763
-0.20197835964222266,0.3682102881562812,2.241864491622878,-0.20215664863786442,0.368287740941496,2.242065705400505,-0.17814948463798652,0.376729142901777,2.2490791332820836,-0.18058725469720427,0.36997554139210037,2.247482359970297,-1.9080278916022142,1.1333706515635655,1.305047440851661,-1.962940899978086,1.2266701224883771,1.2685605809954787
-0.18937068861014802,0.3888761316310448,2.241944618124239,-0.1895587811724641,0.3889648796131092,2.242240367738369,-0.1643497460489724,0.3978276774854196,2.249681505466565,-0.1671590904154655,0.3904744532438531,2.2479912383991625,-1.9300485822889029,1.1251744367226943,1.3046186803010105,-1.9846088746858945,1.2225630053338963,1.2689451134245031
-0.17722171454105828,0.409763720240704,2.2420178690514505,-0.17741378923015325,0.40985951645870067,2.242391922392457,-0.1509633278951672,0.4191583348754681,2.250294337063104,-0.15418246027843674,0.4111902943017442,2.2485099188756306,-1.9518832407198345,1.116550055760754,1.3042323245034475,-2.0060395848690025,1.2178665684580345,1.2698601433547994
-0.16554675803333804,0.4308616094395391,2.2420832237589905,-0.165736476285837,0.43095951976201774,2.242512046065388,-0.13799657337611534,0.44071212328360787,2.2509170668467733,-0.14166554255451957,0.43211645513424035,2.249037062204125,-1.9735138544454518,1.1074960232758495,1.3038868501262784,-2.0271931911945433,1.2125404662481984,1.2713290564204742
-0.1543567660192671,0.4521595135496579,2.2421406421773185,-0.15453770854511562,0.4522542741591458,2.2425946922626627,-0.1254556290347981,0.46248000263867944,2.2515491397146308,-0.12961623478341577,0.45324636187109346,2.249571245626672,-1.9949244303120173,1.0980111978595302,1.303580320829788,-2.048035270140576,1.206544287151112,1.2733685335637233
-0.14365794187723951,0.473648469009012,2.2421914990351066,-0.14382411432737577,0.4737348955752728,2.24263744774946,-0.11334644433633961,0.48445288686983434,2.2521900066749847,-0.11804214169857126,0.47457345614126323,2.2501109753639135,-2.0161012178097915,1.0880948500743677,1.3033104526003925,-2.068538562777798,1.1998379960387904,1.2759868481858192
-0.13345176627259275,0.4953208677557338,2.2422387458155217,-0.1335982068337108,0.49539433252914333,2.2426432750823673,-0.10167477112213055,0.5066216459201978,2.252839124994397,-0.1069505636924927,0.49609117441599115,2.250654699135154,-2.0370328387226166,1.0777467160339171,1.30307471267369,-2.0886844286405015,1.192383151226822,1.2791792556666626
-0.12373528973110964,0.5171703034306078,2.2422859408024043,-0.12385867023738849,0.5172271976211386,2.2426201331355813,-0.09044616290825978,0.528977107518972,2.2534959585199474,-0.09634848579523568,0.5177929271299977,2.2512008185257115,-2.057710318857721,1.0669670398107687,1.3028703903636214,-2.108463506031371,1.184144177884613,1.282925527352707
-0.11450170731492423,0.5391912936789439,2.2423358901880928,-0.11460077626098417,0.5392293709144128,2.2425786521922495,-0.07966597392230425,0.5515100586846446,2.254159977517226,-0.08624256713727785,0.5396720779329915,2.2517477011251232,-2.0781270173523194,1.0557565937620044,1.30269472968753,-2.1278754974811958,1.1750897295686875,1.28718903525596
-0.10574126824912879,0.5613789690049948,2.242390010527088,-0.10581710167019268,0.5613975526148944,2.2425302554121576,-0.06933935786070448,0.5742112469983421,2.2548306579266595,-0.07663913084714512,0.5617219233838786,2.252293692219172,-2.098278456334338,1.0441166930068888,1.3025450275824215,-2.146928253337065,1.1651941913828998,1.2919158608465695
-0.0974424316544076,0.5837287461426282,2.2424483345435866,-0.09749845699409851,0.5837287866089268,2.2424857662818973,-0.059471266459832355,0.5970713817563782,2.2555074806463535,-0.0675441543518619,0.5839356733818805,2.2528371259370976,-2.1181620517153243,1.0320492086269624,1.3024186874524675,-2.1656362355804313,1.1544390575280021,1.297034223860288
-0.08959313815812725,0.6062359950427543,2.2425098434205117,-0.08963491618234835,0.6062199715232867,2.2424543429628083,-0.050066447958840674,0.6200811350858335,2.2561899312450384,-0.058963260072143676,0.6063064326122679,2.2533763359155548,-2.137776754435067,1.0195565790286654,1.3023132309498375,-2.184018429975339,1.1428137826657074,1.3024554256052436
-0.08218207148361954,0.6288957167121899,2.2425728938766314,-0.0822168596524629,0.628867396014675,2.2424427703329437,-0.04112944548161367,0.6432311430643293,2.256877500089151,-0.050901706477031704,0.6288271832387162,2.253909665307678,-2.1571226221693167,1.0066418169960714,1.3022262774260926,-2.202095960829923,1.1303159702712235,1.3080764144749792
-0.07519980007105369,0.6517022540597055,2.2426356137333063,-0.07523595011798812,0.6516663390800358,2.242455164649883,-0.0326645953608873,0.666512006875297,2.2575696828649536,-0.04336437950672091,0.6514907690655483,2.2544354762811745,-2.1762003471534803,0.9933085092928129,1.3021555290461129,-2.219889740241576,1.1169508587541899,1.3137838704813098
-0.06863971406851115,0.6746490597879442,2.2426962560647343,-0.06868596592798572,0.6746107689067966,2.242493091328146,-0.024676025386395364,0.68991429400357,2.258265981179084,-0.036355784345203625,0.6742898813458376,2.2549521589482975,-2.195010769614953,0.9795608103217508,1.3020987678091671,-2.237418480341991,1.1027301525108346,1.3194595159723943
-0.0624986878018505,0.6977285350972017,2.2427534420163773,-0.06256343253016651,0.6976931612769415,2.242556047231318,-0.01716765300564368,0.713428539492045,2.2589659034069856,-0.02988003750482958,0.6972170463712455,2.2554581395261835,-2.213554406282804,0.9654034320988072,1.3020538552334564,-2.254697291477622,1.0876703429464483,1.3249862084665907
-0.056777454235403195,0.7209319640375542,2.24280656932846,-0.05686801630824998,0.7209044466002408,2.2426422306236846,-0.010143183475720036,0.7370452472627634,2.259668965702653,-0.02394085922890465,0.7202646149711848,2.2559518877941924,-2.231831020468011,0.9508416310071155,1.3020187377250532,-2.271736941249401,1.0717908874478066,1.3302537739740543
-0.05148066255094346,0.7442495489419882,2.2428563846827596,-0.05160264153753128,0.7442340748322388,2.2427492595383405,-0.0036061079446318123,0.7607548914996958,2.260374692897868,-0.01854156623536001,0.7434247540252442,2.256431923988276,-2.2498392568142673,0.9358811925550377,1.3019914532922676,-2.288543715110032,1.0551127612367572,1.3351631571717355
-0.046616467384144086,0.7676704769771964,2.2429042993438135,-0.046773266830641834,0.7676701638704266,2.2428741505726175,0.0024402985000921366,0.784547918114223,2.26108261951232,-0.013685064808634344,0.7666894400521141,2.2568968251535013,-2.2675763582098925,0.9205284126086452,1.3019701516904232,-2.3051196807635934,1.0376575168097313,1.3396289442572897
-0.042195769352893424,0.7911830457263831,2.242951192924115,-0.042388354726107864,0.7911997351316603,2.243012789199202,0.007992978801733582,0.8084147463041814,2.261792290865871,-0.009373844238334848,0.7900504549042608,2.2573452309016986,-2.285037976631194,0.9047900729223297,1.301953138243276,-2.3214631339805467,1.0194467206719773,1.343581019506743
-0.03823131678474062,0.8147748892985094,2.242997016149695,-0.03845814801097058,0.8148090430991942,2.243159619087956,0.013049095934177479,0.8323457702091438,2.262503264083421,-0.005609970615308892,0.8134993835738701,2.2577758485768276,-2.3022180833506405,0.888673407076875,1.3019389642931058,-2.3375690647964196,1.0005016562368578,1.3469656965817047
-0.03473672346749399,0.8384332661303374,2.2430409390311676,-0.03499383983932486,0.8384839682219928,2.2433077430706416,0.017606034895066677,0.856331360674734,2.263215109221019,-0.0023950810346198012,0.8370276140989865,2.2581874580843633,-2.3191089842602657,0.8721860646452775,1.301926483810205,-2.353429555136517,0.9808432419104738,1.3497462779501839
-0.03172545486861176,0.8621453685792627,2.243081734211805,-0.03200670738623687,0.8622104320112378,2.2434493550172125,0.021661404689137312,0.8803618671275611,2.263927410446293,0.00026962183282408064,0.8606263395109736,2.2585789159416745,-2.3357014445530018,0.8553360834938349,1.3019148091568913,-2.369034076064577,0.9604921309770021,1.351902923604031
-0.0292098462468412,0.8858986217507416,2.24311818459354,-0.029507281705310702,0.8859747955910441,2.243576425432071,0.025213040284052062,0.9044276195674854,2.2646397673071097,0.002383374747946761,0.8842865617567052,2.2589491588406796,-2.3519849230084824,0.8381318771818643,1.3019031245154564,-2.3843696375644408,0.939468776580628,1.3534325808510281
-0.02720022206250431,0.9096809466431223,2.243149406736418,-0.027504620402895603,0.9097642066002309,2.2436815649526904,0.028259004551020997,0.9285189306766379,2.2653517958744436,0.003945858469123556,0.9079990974935246,2.2592972068005115,-2.3679478901823177,0.820582220610379,1.3018904992161004,-2.399420827142592,0.9177934258107151,1.3543489135994862
-0.025704186326392126,0.9334809699506403,2.243175081849495,-0.026005724862576275,0.93356686515893,2.2437589043246167,0.030797590152352103,0.9526260980512609,2.2660631299951057,0.004957201850714093,0.9317545856370951,2.25962216596104,-2.3835781969981737,0.8026962209319127,1.3018758159422257,-2.414170072996246,0.8954868402482211,1.3546782762572065
-0.024726147119904663,0.9572881696345671,2.2431956703369735,-0.02501512833283075,0.957372191399398,2.2438048409817304,0.03282732136849065,0.9767394065563616,2.266773422607274,0.005417985417884001,0.9555434965342692,2.2599232312391773,-2.398863470707189,0.784483279528556,1.3018577670635627,-2.428598055697422,0.8725711711440786,1.3544542708656122
-0.024267121428832708,0.9810929492396457,2.2432126572011586,-0.024534707692290755,0.9811708904347402,2.2438188192986575,0.03434695585293923,1.0008491307998706,2.2674823470786674,0.0053292444420319635,0.9793561426106917,2.260199688394256,-2.413791514548024,0.7659530485925788,1.3018348945218436,-2.4426841041103984,0.8490703514761543,1.353714109565349
-0.0243247923268886,1.0048866272466064,2.2432284530869606,-0.02456375392965174,1.0049549081032745,2.2438041871565706,0.03535548630162007,1.0249455377167642,2.268189598524418,0.004692471432162489,1.0031826903460916,2.2604509158650994,-2.4283506863471733,0.7471153835880918,1.3018056717438913,-2.456406625701652,0.8250101298822182,1.3524965217734997
-0.024893748951498984,1.0286613389100372,2.2432456210444807,-0.025099102468969813,1.0287172597235887,2.243767431721564,0.03585214207614915,1.04901888925172,2.2688948946656877,0.003509617999957198,1.0270131734120955,2.260676386403079,-2.442530232847054,0.7279802930224681,1.3017686273916294,-2.4697435966143293,0.8004178538623372,1.3508410614978188
-0.02596593023593703,1.0524098748193487,2.2432660229925028,-0.02613538167777269,1.052451777607595,2.243716589263292,0.035836390763449015,1.0730594451335569,2.2695979763947967,0.0017830959873157241,1.0508375068158993,2.2608756689672376,-2.456320560651663,0.7085578879969882,1.3017224997347974,-2.4826731206275956,0.7753221266286332,1.348788660991661
-0.02753129884964837,1.076125480009465,2.2432904931518007,-0.027665467003916817,1.0761528200281003,2.2436600777601194,0.03530793961550775,1.0970574657354768,2.270298608585209,-0.00048422217720837197,1.074645501907227,2.261048430928418,-2.4697134295049183,0.6888583336299734,1.30166640426213,-2.4951741185680234,0.7497525768707753,1.3463825327965064
-0.029578670339887415,1.0998016272681819,2.2433189004252134,-0.02968106860587367,1.0998149576365255,2.2436058658714915,0.03426673690807076,1.1210032150091402,2.270996580849293,-0.003289003735240648,1.0984268821072882,2.2611944392055254,-2.4827020525089396,0.6688917991039288,1.301600052676523,-2.507227211248882,0.7237399384819464,1.3436682892129383
-0.03209660623810021,1.1234317810553056,2.243350396420231,-0.03217338286252308,1.1234326566867998,2.243560889280885,0.03271297321448245,1.1448869634943957,2.2716917082549726,-0.006627456629255361,1.1221712992023973,2.2613135609641386,-2.495281093920494,0.6486684069031255,1.3015240180574303,-2.5188156697508712,0.69731633055504,1.340693524125505
-0.035074285051549206,1.147009170774812,2.243383707187441,-0.03513373852722794,1.1469999802289548,2.2435306274556424,0.030647082590315858,1.1686989914074934,2.2723838320093894,-0.010495331469225388,1.145868349989063,2.2614057641188716,-2.5074465826607995,0.6281982028769537,1.3014397990145896,-2.5299261680387253,0.6705154974002777,1.3375078663936741
-0.03850227778379967,1.1705265917872836,2.2434174022272635,-0.03855418134452067,1.1705103300984052,2.2435188154581707,0.028069743655573264,1.1924295918042414,2.273072820151474,-0.014887924603979452,1.1695075930634118,2.261471117853642,-2.519195759845655,0.607491153831494,1.301349606979105,-2.540549143755783,0.6433729016671392,1.334163793227926
-0.0423731716022168,1.1939762496547064,2.2434501370382627,-0.042427963696069465,1.1939562517629858,2.2435273705504644,0.024981880610586836,1.2160690738108013,2.2737585678959276,-0.019800082329795708,1.1930785655841942,2.26150979248817,-2.530526859992225,0.5865571492271261,1.3012561371478832,-2.5506787137158975,0.6159256896352603,1.3307177712984521
-0.04668199550950235,1.2173496583176937,2.243480826007729,-0.04674991071033088,1.2173293163286845,2.2435565569254607,0.021384664140158938,1.2396077659212932,2.274440997953277,-0.025226206419790023,1.2165707998617417,2.2615220591952507,-2.5414388437024305,0.5654060003440136,1.3011623841506248,-2.5603122515223444,0.5882126268825665,1.3272307298980737
-0.051426449718701125,1.240637598104014,2.2435089981313103,-0.05151664762239404,1.240620085874913,2.2436053991648177,0.01727951222242185,1.2630360193592374,2.2751200606678514,-0.031160261082103426,1.239973839650783,2.261508289613532,-2.5519311071107342,0.5440474395294814,1.3010714686689893,-2.5694498029689927,0.5602740748659588,1.3237669821278184
-0.05660689738946235,1.2638301373274539,2.243535140889483,-0.05672665446818171,1.2638181637131305,2.243672041643837,0.012668090823576028,1.28634421149867,2.275795734089602,-0.037595781407678525,1.2632772560494074,2.2614689550455154,-2.562003191483103,0.5224911204229772,1.3009864636517823,-2.578093453055804,0.532151981743724,1.3203915633443162
-0.06222601054659672,1.2869167203284377,2.2435600763174004,-0.06238011489749158,1.2869123288145374,2.243753677229212,0.007552314460737787,1.3095227493365358,2.276468024063737,-0.04452588341057255,1.286470662922664,2.2614046252136246,-2.571654513938871,0.5007466187656089,1.3009102250897593,-2.586246689053728,0.5038898144906687,1.3171666221749685
-0.0682882044451109,1.3098863103985208,2.2435842060091793,-0.06847860492138011,1.309890745063803,2.2438463633070573,0.0019343466620450876,1.3325620730094727,2.277136964036773,-0.051943275808083465,1.309543731765242,2.26131596667311,-2.580884137074831,0.47882343293586394,1.3008452397859116,-2.5939137759066604,0.4755323720115869,1.3141477322603379
-0.07479899584187596,1.3327275681689956,2.2436073332851136,-0.07502468462235053,1.3327412208741347,2.243945077454646,-0.004183399800724841,1.3554526593482585,2.277802615616018,-0.05984027368296785,1.3324862059398532,2.261203740907053,-2.5896905885083927,0.4567309816775154,1.300793533556387,-2.6010991432103454,0.44712545122673053,1.3113810718403902
-0.08176431215589598,1.3554290488125629,2.2436288139315526,-0.08202143281443437,1.3554514901950627,2.244044040519115,-0.010798262726746236,1.3781850255350183,2.278465068889021,-0.06820881414836574,1.3552879142362155,2.2610688019060805,-2.598071745223288,0.4344786011472108,1.3007566086397897,-2.6078068245425756,0.41871539262395685,1.308901859422696
-0.08918978627818218,1.3779794023150302,2.2436478292808677,-0.08947195569008697,1.378009488898099,2.244137201933344,-0.017907330128359294,1.4007497329330858,2.2791244410334612,-0.07704047423304226,1.3779387837066628,2.2609120936544502,-2.6060247911757948,0.4120755432690853,1.3007353734007137,-2.6140400441386933,0.3903485572288569,1.3067336345357892
-0.09708008128005251,1.4003675623032665,2.2436636492931914,-0.0973789068581905,1.4004036028203648,2.244218816773947,-0.02550743988573941,1.4231373910379674,2.279780874233776,-0.0863264910290582,1.4004288517763506,2.2607346463669704,-2.613546234192582,0.38953097077166265,1.3007301524568031,-2.619801016478371,0.3620707671311352,1.3048879019150608
-0.10543829479306985,1.4225829101974696,2.2436758299490096,-0.10574405095733398,1.4226228677139177,2.2442840274252007,-0.03359517941838525,1.4453386615002903,2.280434532306228,-0.09605778414799906,1.422748277586205,2.2605375706238657,-2.6206319802527505,0.3668539553089072,1.300740673796252,-2.6250909034255447,0.33392674035359815,1.3033645039491062
-0.11426549115704832,1.4446154032692193,2.243684347641353,-0.114567892486204,1.4446571099233976,2.2443293243906877,-0.04216688566944876,1.4673442620880905,2.2810855981683553,-0.10622498083955248,1.444887352394861,2.260322051647109,-2.627277460067871,0.34405348090951554,1.3007659809875947,-2.6299099170407887,0.30595955754847437,1.3021521997444891
-0.12356040756222102,1.4664556561313544,2.243689755074213,-0.12384940237256219,1.4664970211956287,2.2443528975827185,-0.05121864683036122,1.4891449702195338,2.2817342833670744,-0.11681844367390083,1.4668365089947535,2.2600893420830466,-2.6334777847937296,0.3211384438958817,1.300804432938805,-2.6342577057736256,0.27821011837528054,1.3012276686186766
-0.133319354254739,1.4880949716638394,2.243693305445502,-0.13358588757234033,1.4881341576330274,2.244355056504243,-0.06074630253711086,1.510731626972309,2.282380823825177,-0.12782830088960628,1.488586330184165,2.259840753418976,-2.6392279212430774,0.2981176500070953,1.3008537917318246,-2.6381338833769608,0.2507165515487798,1.3005543528666978
-0.14353628449774217,1.5095253272102065,2.2436967764782314,-0.14377300573813456,1.5095608642711462,2.2443385497651485,-0.07074544434415776,1.5320951411337524,2.2830254756216624,-0.13924447962980246,1.510127556347508,2.2595776474922884,-2.644522876446067,0.27499981060098716,1.3009113743099587,-2.641538524398773,0.2235136561986872,1.300082497807481
-0.15420299766659432,1.5307393240604894,2.2437018999579847,-0.1544048264855942,1.5307701693605233,2.2443078829510545,-0.08121141668807161,1.5532264932068685,2.28366851277123,-0.15105674211096265,1.5314510922022053,2.259301427796197,-2.64935787895242,0.25179353903944046,1.300974253751935,-2.6444725150291513,0.19663248012027043,1.2997508058918654
-0.1653094893874424,1.5517300955955873,2.2437098306640952,-0.16547399656630735,1.5517556486055206,2.244268357863379,-0.09213931817861347,1.5741167394210596,2.284310225908642,-0.16325472479196995,1.552548012736068,2.259013530353127,-2.6537285459571534,0.22850734831732566,1.3010394859258902,-2.6469376712926747,0.1701001322798898,1.2994898356254674
-0.1768444526949569,1.5724911723929018,2.243720987913524,-0.17697203128638533,1.5725112555550025,2.2442253986365683,-0.10352400313977154,1.5947570157873099,2.2849509213252794,-0.1758279807547357,1.5734095682639355,2.2587154156351326,-2.6576310296653807,0.2051496519229388,1.3011043145727335,-2.6489365943474272,0.14393988344222788,1.299226857926488
-0.18879587244349025,1.5930163203275558,2.243735136442239,-0.18888968490306246,1.5930311334753426,2.2441840884937347,-0.11536008337588978,1.6151385422204871,2.285590920155201,-0.18876602496398331,1.594027188645214,2.2584085589304683,-2.6610621334992013,0.18172876820318964,1.3011663458861,-2.650472319117273,0.11817153079125876,1.2988913539062703
-0.20115165097110121,1.6132993697740032,2.243751573126296,-0.201217356072909,1.6133094251843336,2.244148847647016,-0.1276419301625204,1.635252626742808,2.2862305576500463,-0.20205838232201898,1.6143924867010717,2.2580944386204176,-2.66401939011927,0.1582529277953984,1.3012236918805988,-2.651547878337882,0.09281192448925794,1.2984200585823524
-0.2139002073301416,1.6333340529537723,2.243769330680937,-0.2139454871914165,1.633340096796149,2.2441232013788968,-0.14036367645644815,1.655090669785863,2.2868701823977484,-0.21569463874340863,1.6344972608501744,2.257774524491549,-2.666501096430696,0.1347302836244178,1.3012750834914208,-2.652165913118096,0.06787551786728599,1.2977606192335411
-0.22703100160898207,1.6531138632477205,2.243787364521896,-0.22706492093496805,1.6531167903141015,2.2441095990217814,-0.15351921933413368,1.67464416860435,2.2875101554828463,-0.22966449518172996,1.6543334970380954,2.2574502664177,-2.6685062978266725,0.11116892218706502,1.3013200002654832,-2.6523284202288906,0.04337482025865213,1.2968734017727757
-0.24053494612116247,1.6726319468792181,2.2438047164847497,-0.2405671936694605,1.6726327148905507,2.2441093322320427,-0.16710222269059283,1.6939047218065875,2.28815084981721,-0.2439578243796734,1.6738933700116796,2.257123083433326,-2.670034734398157,0.08757687964619838,1.3013586950934608,-2.652036664219867,0.019320685675309767,1.2957314984213892
-0.25440467487743285,1.6918810344523327,2.2438206406979777,-0.2544447524612497,1.691880582078919,2.2441226004113575,-0.18110612020417563,1.7128640340164316,2.2887926496366386,-0.25856473013127834,1.6931692438803831,2.256794354841727,-2.671086770324987,0.06396216376373606,1.3013919768018802,-2.651291224348383,-0.0042775640263848285,1.29431940522586
-0.2686346762802736,1.7108534042308123,2.2438349135708755,-0.2686910885591132,1.7108525857595835,2.244148749895729,-0.19552411857734245,1.7315139206806625,2.289435950161201,-0.2734756086070365,1.7121536719949395,2.2564654147788166,-2.6716632954517054,0.040332773686296466,1.3014209770046465,-2.650092069927661,-0.02741209597916623,1.2926313638331182
-0.2832212393232303,1.72954089911202,2.2438479664142825,-0.28330076733520154,1.7295404361911255,2.244186482275939,-0.2103492010700778,1.749846313034526,2.2900811574314983,-0.2886812102014454,1.7308393968738645,2.256137541553928,-2.67176560470025,0.016696716033687085,1.3014469937627493,-2.648438600587851,-0.05007654044017533,1.2906698631788283
-0.29816217033345005,1.747935023611776,2.243860347200687,-0.2982693384490768,1.7479354588274991,2.244233804618833,-0.22557413133323861,1.7678532632397228,2.2907286882585693,-0.30417270171907834,1.7492193498527882,2.255811946280391,-2.671395272473935,-0.006937981026198331,1.3014713719737432,-2.6463297697410892,-0.0722660655319816,1.2884434753298875
-0.31345639131098973,1.766027071362616,2.2438722757596516,-0.31359315796360715,1.7660287379250068,2.2442879682066654,-0.2411914575636441,1.7855269497019812,2.291378970376295,-0.31994172855995023,1.7672866500282203,2.2554897642697886,-2.670554033508084,-0.030563255165896922,1.3014954053795218,-2.6437642939202997,-0.09397753030005841,1.2859643069666562
-0.3291034860939458,1.7838082561962914,2.2438835744870813,-0.32926915451174477,1.7838112786400653,2.2443455855501258,-0.2571935170024584,1.8028596825732524,2.2920324428789898,-0.33598047587630864,1.7850346024468515,2.255172047996262,-2.669243678182268,-0.054170998633874354,1.3015202566913198,-2.6407407146533073,-0.11520950162350092,1.2832469289986725
-0.34510321376267167,1.801269845060519,2.2438937941711683,-0.34529455738456083,1.8012741711147908,2.24440290361927,-0.2735724407847225,1.8198439094456496,2.292689556877986,-0.3522817275458832,1.8024566955132244,2.254859761608031,-2.6674659674605317,-0.07775304836213748,1.301546898996446,-2.637257360313952,-0.1359621733812666,1.280308314306914
-0.36145501620814274,1.8184032887731525,2.243902401203934,-0.36166660287011854,1.8184087451772672,2.2444561522312094,-0.2903201591155369,1.8364722212688276,2.2933507759528347,-0.36883892154442555,1.8195465977137872,2.2545537760678362,-2.665222569761194,-0.10130117736385534,1.3015760892907382,-2.6333122940545173,-0.15623726137709676,1.27716805372402
-0.37815755302419124,1.8352003444702363,2.243908945160258,-0.3783822413579316,1.8352067036009099,2.2445019255620413,-0.3074284068282267,1.8527373584832374,2.2940165766742484,-0.3856462002543956,1.8362981536415703,2.2542548659442385,-2.662515024570566,-0.1248070869134325,1.301608350029246,-2.6289032920824122,-0.17603791220153273,1.2738484764186782
-0.3952082999547139,1.8516531814416612,2.24391318275241,-0.395437863454184,1.8516602257371455,2.2445375273607184,-0.3248887293555536,1.868632217368622,2.2946874493013656,-0.4026984540073236,1.8527053793946446,2.253963707665686,-2.6593447308856146,-0.14826240002029809,1.3016439657306254,-2.62402786459987,-0.19536863560080117,1.2703745642383
-0.4126032428525154,1.8677544626484237,2.243915159176553,-0.4128290577268494,1.8677620406966466,2.24456117586077,-0.34269248911492195,1.8841498566206336,2.295363898442787,-0.41999135599665144,1.8687624574911708,2.2536808785135483,-2.655712953643295,-0.17165865716875095,1.3016830117613545,-2.6186833160914085,-0.21423525553087258,1.2667736771776916
-0.43033669845247613,1.8834973904612065,2.243915324463784,-0.4305504291967553,1.8835054617487417,2.2445721441152524,-0.3608308723390232,1.8992835041360863,2.2960464437658863,-0.4375213866520577,1.8844637313332195,2.253406856600655,-2.6516208504632788,-0.19498731387968948,1.3017253494558012,-2.612866836403993,-0.23264487059403244,1.263075148278339
-0.44840127072758074,1.8988757193708277,2.2439145992965215,-0.44859550705166173,1.8988843702448928,2.244570959368117,-0.37929489633634533,1.9140265640127587,2.2967356203928766,-0.45528584556980745,1.899803699231401,2.253142022696285,-2.6470695116549914,-0.21823973940372418,1.301770621679476,-2.606575613255279,-0.250605814891515,1.2593098092088746
-0.4667879263708807,1.9138837500455703,2.2439141954794755,-0.4669567392185116,1.91389316263305,2.2445594750472053,-0.3980754172505327,1.9283726236842615,2.2974319795528175,-0.47328284895572353,1.9147770081504443,2.252886663007665,-2.642060007141713,-0.24140721645322424,1.301818283084862,-2.5998069574036293,-0.2681276126101085,1.255509497245761
-0.4854861701064083,1.9285163079345164,2.2439152001831273,-0.48562554013489,1.9285267041648215,2.2445403987547237,-0.4171631381844886,1.942315461251251,2.298136088189087,-0.49151131072864773,1.9293784471078108,2.2526409744853764,-2.63659343811311,-0.2644809418411673,1.3018676567619614,-2.5925584326571123,-0.28522092254827375,1.251706579820334
-0.5044843244316516,1.9427686869599772,2.243918258194833,-0.5045924168528148,1.942780265942913,2.2445167577485874,-0.4365486176890985,1.955849053021871,2.2988485270942487,-0.5099709055238497,1.9436029401738246,2.2524050738959236,-2.630670992969823,-0.287452028043856,1.301917989077828,-2.584827981357541,-0.30189746959308467,1.2479335377848473
-0.5237699017774206,1.956636553237123,2.2439235096921935,-0.5238471679212453,1.9566494354681498,2.2444915444869498,-0.4562222788017309,1.9689675811779328,2.2995698886312654,-0.5286620118622074,1.9574455393647778,2.2521790071990084,-2.624294001446519,-0.31031150554019893,1.3019685198980995,-2.57661403966853,-0.3181699645896053,1.2442226143433348
-0.5433300284664941,1.9701158259722598,2.2439306738829146,-0.5433791277270967,1.970130011376159,2.244467501099374,-0.4761744186731091,1.9816654416092923,2.3003007737007315,-0.547585634923404,1.9709014175491062,2.251962756396591,-2.6174639863985663,-0.3330503261666676,1.3020185419657107,-2.567915640363026,-0.3340520168976607,1.2406055078237674
-0.5631518797415886,1.9832025519224932,2.24393918988083,-0.5631774271387018,1.9832178960843005,2.2444469686850805,-0.4963952188568645,1.9939372519157605,2.301041788346111,-0.5667433081631701,1.9839658628767705,2.251756231421183,-2.6101827103285826,-0.3556593677202973,1.3020674475075367,-2.55873250434179,-0.34955804561114373,1.2371130600505007
-0.5832230880857109,1.995892787187286,2.24394835954309,-0.5832312454165803,1.9959089983732115,2.2444317573008408,-0.5168747564352922,2.005777859360799,2.3017935420576956,-0.5861369736276429,1.9966342747801968,2.251559253970367,-2.6024522143293174,-0.378129439953249,1.3021147611808832,-2.5490651229087327,-0.36470319442013527,1.2337748909796589
-0.6035320928944573,2.0081824960853685,2.2439574754809954,-0.6035300370191996,2.0081991521181815,2.2444230626224715,-0.5376030155807432,2.017182348994227,2.3025566438306826,-0.6057688412196949,2.0089021604669806,2.251371546179895,-2.594274847225541,-0.4004512919316494,1.3021601639827902,-2.5389148302004743,-0.37950325206989394,1.2306189596713264
-0.624068405833911,2.0200674747407916,2.2439659256774505,-0.6240637183670918,2.0200840566283342,2.2444214422128237,-0.5585698996695335,2.0281460517084997,2.30333169754197,-0.6256412272369316,2.020765131848164,2.251192723642344,-2.5856532842798994,-0.42261562098648275,1.3022035055516166,-2.5282838611473037,-0.39397457748586234,1.2276710753428772
-0.6448227756199356,2.0315433019512397,2.243973292795334,-0.6448228040846635,2.0315592403335265,2.244426871674734,-0.5797652439726834,2.0386645521344673,2.304119296944108,-0.6457563736515567,2.03221890292174,2.2510222920480194,-2.576590535679372,-0.444613083400834,1.3022448017842252,-2.5171753865933595,-0.40813402697444945,1.2249544265378114
-0.665787250683436,2.0426053053702873,2.2439795974280394,-0.6657984875232219,2.0426200464313706,2.244438899564704,-0.6011788289334113,2.0487336962495206,2.3049200206673284,-0.6661162507785098,2.0432592875894766,2.2508596476429776,-2.5670899461228998,-0.4664343066128787,1.3022842126434278,-2.5055935145337265,-0.4219988803859713,1.2224892335730775
-0.6869551035852052,2.0532485846542206,2.243985269044858,-0.6869826566013238,2.0532616502113186,2.2444567820439754,-0.6228003940173888,2.0583495986048232,2.3057344273619256,-0.6867223471246746,2.053882197808319,2.2507040827436136,-2.5571551867846862,-0.4880699025450073,1.3023220041072328,-2.493543247780408,-0.4355867643985612,1.2202926322187593
-0.7083206210617551,2.0634681022314885,2.243990721843348,-0.7083678376215673,2.0634791220359454,2.244479443029176,-0.6446196520272783,2.0675086492729124,2.3065630494784206,-0.7075754513749324,2.0640836417878794,2.2505547997811277,-2.5467902407636216,-0.5095104817311235,1.302358506379665,-2.4810303984520057,-0.44891557522648157,1.2183788204136867
-0.7298788250901451,2.073258780887093,2.243996107912628,-0.729947083796054,2.07326751561094,2.244505425814636,-0.6666263037668915,2.076207520471187,2.3074063850401223,-0.7286754318063031,2.0738597225571764,2.250410930944645,-2.5359993834427677,-0.5307466678697256,1.3023940790274289,-2.4680614773936442,-0.4620034083980961,1.2167593478542644
-0.7516251534415463,2.082615595499905,2.2440013022483574,-0.7517138258696883,2.0826219589308628,2.24453296673287,-0.6888100529925889,2.0844431724595642,2.3082648892372815,-0.750021019360019,2.083206637116428,2.2502715605836965,-2.524787159798276,-0.55176911261732,1.3024290848526292,-2.4546435874465344,-0.4748685036522716,1.2154433241299845
-0.7735551173753717,2.091533662461606,2.2440060004641653,-0.7736616947025106,2.091537741073936,2.244560159090202,-0.7111606215016377,2.092212858381456,2.309138966810021,-0.7716096018541236,2.092120676141918,2.2501357504672184,-2.513158360710924,-0.5725685106154632,1.302463869264208,-2.4407843409280914,-0.48752920604782707,1.2144373842743512
-0.795663958827045,2.100008326788584,2.2440098448626222,-0.7957843273689046,2.1000103906695307,2.2445851574244355,-0.7336677641225475,2.099514127891465,2.3100289648474397,-0.7934370380606867,2.1005982236789835,2.250002573253386,-2.5011179997981134,-0.5931356147096214,1.3024987425947965,-2.426491800338102,-0.5000039359584303,1.2137454400112644
-0.8179463324734022,2.1080352436483825,2.244012532223784,-0.8180751692019779,2.1080357444381117,2.244606357401784,-0.7563212833997577,2.106344829406868,2.3109351659549255,-0.815497500688336,2.1086357564560534,2.2498711565780893,-2.488671291676255,-0.6134612512378548,1.3025339647973035,-2.411774407908029,-0.512311153484405,1.2133685691322047
-0.8403960380246167,2.115610448514837,2.244013891860411,-0.8405272882472812,2.115610001929583,2.2446225334928624,-0.7791110437596802,2.1127031108715895,2.311857781604628,-0.8377833570589799,2.1162298435331923,2.2497407309054522,-2.4758236320835327,-0.6335363351987986,1.3025697335240063,-2.3966408943253,-0.5244693145031166,1.2133052263604736
-0.8630058239880479,2.1227304100646407,2.2440139393318415,-0.8631332186461702,2.1227297630694077,2.2446329347612837,-0.8020269849744935,2.118587418885916,2.3127969459473214,-0.8602850961614547,2.1233771468743248,2.2496106760863346,-2.462580580168015,-0.6533518851177988,1.3026061758106158,-2.3811002535963732,-0.5364968404775776,1.213551000702477
-0.885767281786203,2.1293920546642178,2.244012970381681,-0.8858848468721774,2.129392045129751,2.244637348890734,-0.8250591347445703,2.123996496031981,2.313752710675419,-0.8829913102374907,2.1300744224588577,2.2494805698878295,-2.4489478430644467,-0.672899037429752,1.3026433436779408,-2.3651617365340414,-0.5484120852349011,1.2140982504166387
-0.9086708360675345,2.1355927697251076,2.244011606724346,-0.9087733541938989,2.1355942710025158,2.24463619214189,-0.84819762018289,2.128929376266647,2.314725041230746,-0.9058887380427759,2.1363185201944184,2.249350252269461,-2.4349312627766495,-0.6921690602284702,1.3026812136134647,-2.348834817210048,-0.5602332871771971,1.2149360735870955
-0.9317058208278582,2.141330404845776,2.244010620167042,-0.9317892177544116,2.1413342431915665,2.2446304971528317,-0.8714326779756045,2.133385378377806,2.315713813750089,-0.9289623719757295,2.1421063857578173,2.2492198764584073,-2.4205368052696143,-0.7111533662536427,1.3027196898211513,-2.332129142257121,-0.5719785102388651,1.2160505796062084
-0.9548606313481667,2.1466032628546228,2.244010631121389,-0.9549222631385909,2.146610128717373,2.2446216278439515,-0.8947546630650172,2.1373640974374766,2.3167188128581815,-0.9521956295266658,2.1474350722925677,2.2490898846048877,-2.405770551636718,-0.7298435250328555,1.3027586107167368,-2.3150544810486577,-0.5836655765729505,1.2174253063997134
-0.9781229463282716,2.151410057587503,2.244011939781031,-0.9781617694404383,2.1514204295381067,2.2446110132868706,-0.91815405565895,2.140865394280296,2.3177397302066045,-0.975570592241447,2.1523017623223386,2.24896090436874,-2.390638691139119,-0.7482312741109547,1.3027977581811208,-2.2976206912661405,-0.5953119907763081,1.21904162403399
-1.0014800014342924,2.155749840952617,2.244014519469099,-1.001496613500276,2.1557639333799052,2.2445999870359428,-0.941621466422501,2.143889382951294,2.318776164954589,-0.9990683133514314,2.156703790139296,2.2488336472885684,-2.375147515810925,-0.7663085293260476,1.3028368694684478,-2.279837706957817,-0.6069348530287546,1.2208790147336401
-1.0249188884015135,2.159621914058332,2.2440180943927213,-1.0249154365078426,2.159639654603382,2.2445896831066454,-0.9651476396827536,2.146436416230115,2.3198276263045563,-1.0226691858010952,2.1606386624499825,2.2487088297389723,-2.3593034166108007,-0.7840673943666288,1.302875648196638,-2.26171554812388,-0.6185507580191143,1.2229151924281836
-1.0484268538623671,2.163025735270952,2.244022243852964,-1.0484068194649696,2.1630467716036073,2.244580979632444,-0.988723454513043,2.1485070693840917,2.3208935383004574,-1.046353356982637,2.164104079138975,2.2485870993220587,-2.343112880913184,-0.8015001696315848,1.30291377333917,-2.243264344314127,-0.6301756780642487,1.2251260969557365
-1.0719915736810055,2.165960834972897,2.2440265016061773,-1.0719594537408135,2.165984567902913,2.2445744748571834,-1.0123399236161563,2.1501021223684886,2.3219732470517807,-1.0701011735275272,2.167097953907113,2.2484689664459756,-2.3265824909505155,-0.8185993600813206,1.302950908323126,-2.2244943614081643,-0.6418248317148253,1.2274858456366526
-1.09560138168042,2.1684267442448375,2.244030437403724,-1.095562293796947,2.1684523824010817,2.2445704874858095,-1.0359881899638026,2.15122254090549,2.323066028778148,-1.0938936356124707,2.1696184337454425,2.248354746937079,-2.309718922857432,-0.8353576817573924,1.3029867122960193,-2.205416021078775,-0.6535125422228218,1.2299667370314082
-1.1192454362499145,2.1704229422918373,2.2440337184292996,-1.1192046812635585,2.170449571839028,2.2445690843463186,-1.0596595212952908,2.151869457000524,2.3241710954260517,-1.1177128368251394,2.171663915488792,2.248244527346812,-2.292528946351913,-0.8517680670522022,1.3030208513130053,-2.1860399054633737,-0.6652520924332653,1.2325393828133075
-1.1429138147316313,2.1719488193944776,2.2440361996162586,-1.1428764321430054,2.1719754882557267,2.2445701286918105,-1.0833453027704552,2.152044148916109,2.32528759928955,-1.1415423634778294,2.1732330577460255,2.248138165300811,-2.2750194255080385,-0.8678236692587274,1.3030530022776057,-2.166376743718736,-0.6770555833867472,1.2351730075606884
-1.1665975280051044,2.173003653443876,2.2440380712003622,-1.1665678831296682,2.173029467436679,2.244573383392287,-1.1070370279972361,2.1517480203972745,2.3264146418075735,-1.1653676268481283,2.174324788771237,2.248035316912608,-2.257197319112536,-0.8835178653909582,1.303082863309643,-2.1464373809765007,-0.6889338032290552,1.2378359180081364
-1.190288446459088,2.1735866402535393,2.244039737406017,-1.1902698932716524,2.173610836615193,2.244578591993695,-1.1307262885169092,2.150982579494854,2.3275512877778572,-1.1891761040153288,2.1749383054438325,2.2479355247779274,-2.2390696810071486,-0.8988442577325485,1.3031101650236054,-2.126232732898953,-0.7008961113913242,1.240496113596579
-1.2139791534363975,2.1736969645299022,2.2440415226602184,-1.2139738000538136,2.17371895450829,2.244585422902684,-1.1544047618515483,2.1497494176565737,2.3286965830121185,-1.212957464101581,2.175073060008301,2.2478383863799962,-2.2206436605523785,-0.9137966744172982,1.303134679831416,-2.1057737302502018,-0.7129503410546516,1.2431219946193521
-1.2376627516669638,2.1733338672216793,2.244043542607104,-1.2376713386145493,2.1733532647252036,2.2445934090531825,-1.178064198317077,2.1480501897076345,2.329849573384976,-1.236703561976354,2.174728736734925,2.247743784381753,-2.2019265039202747,-0.9283691699179596,1.3031562198666025,-2.0850712578855215,-0.7251027211512833,1.2456831222154552
-1.2613326383756636,2.1724967075914945,2.2440457134607072,-1.2613545331453724,2.172513347462856,2.244601963138702,-1.2016964069185843,2.1458865952285113,2.3310093239860024,-1.2604082925260405,2.173905245863333,2.2476519615984003,-2.1829255547666806,-0.9425560243419173,1.3031746381975724,-2.064136092408923,-0.7373578175597968,1.2481509839234854
-1.284982265217656,2.1711850234662484,2.244047824284589,-1.285015568528965,2.171198967910853,2.244610439001009,-1.2252932407118708,2.143260361855558,2.3321749367173332,-1.2840673113344954,2.172602749956418,2.2475633164473026,-2.1636482545484492,-0.9563517418820761,1.3031898301672846,-2.042978841491914,-0.7497184922421195,1.2504997321197882
-1.3086049013532612,2.1693985899310446,2.244049620711475,-1.3086466523192415,2.169410120743109,2.2446182070284664,-1.248846582040348,2.1401732308854378,2.333345565375498,-1.3076776405905022,2.170821684934739,2.2474782263346076,-2.144102142562881,-0.9697510486353774,1.3032017337224562,-2.021609887179047,-0.7621858783043272,1.2527068696705779
-1.3321934185573552,2.167137473741102,2.2440508754499575,-1.3322398786807852,2.167147068668152,2.2446247279759737,-1.2723483280536607,2.1366269452915163,2.3345204289259622,-1.3312371852371612,2.1685627685825843,2.2473969620262597,-2.124294855692248,-0.9827488899191302,1.3032103286259027,-2.000039335010827,-0.7747593684081532,1.2547538618758718
-1.3557401155399014,2.1644020795527235,2.244051437953059,-1.3557871056822013,2.1644103734858193,2.2446296111133694,-1.2957903768717765,2.1326232402916143,2.33569882281139,-1.3547441906837334,2.165827003475641,2.2473196377037628,-2.1042341278460133,-0.9953404271779505,1.3032156345660229,-1.9782769702098801,-0.7874366137008029,1.2566266597459763
-1.379236595063651,2.1611931832145683,2.244051272270626,-1.3792798560720325,2.161200918687809,2.244632645106759,-1.3191646147233536,2.128163836453573,2.3368801288283425,-1.3781966799575953,2.1626156759907817,2.247246182608205,-2.083927789063104,-1.0075210344932284,1.3032177089261472,-1.9563322214656476,-0.8002135304309891,1.2583161274859702
-1.4026737036651518,2.1575119417131696,2.2440505431508626,-1.4027092499029779,2.157519919482251,2.244633821902107,-1.3424629043411858,2.1232504353462494,2.3380638233841413,-1.4015919116750468,2.158930351385232,2.247176333524498,-2.063383764294914,-1.0192862947485657,1.3032166444134485,-1.9342141275017448,-0.8130843138354646,1.259818451094994
-1.426041539960955,2.153359891171951,2.244049646325132,-1.4260659753140281,2.1533689163735343,2.2446333739611934,-1.3656770748754077,2.117884717746139,2.3392494835732283,-1.4249259000049366,2.15477286324568,2.24710966215587,-2.042610071901935,-1.0306319955200303,1.3032125665664596,-1.911931274515943,-0.8260414712603611,1.2611360299821293
-1.4493295291207813,2.1487389505501118,2.24404903819546,-1.4493403016550157,2.148749761187696,2.2446317571727157,-1.3887989135815215,2.112068344264139,2.3404367916656326,-1.4481930332161117,2.150145297713177,2.247045637868779,-2.0216148219038814,-1.0415541247817042,1.3032056308997109,-1.8894917609570714,-0.8390758429239021,1.2622778610281202
-1.4725265524879128,2.143651412687203,2.244049032006483,-1.472522132968591,2.1436646084908615,2.2446294966517426,-1.4118201594867483,2.1058029582121556,2.341625538628657,-1.4713858197696261,2.1450499700122063,2.2469837446860494,-2.0004062139798404,-1.0520488664648808,1.3031960200196815,-1.866903270788212,-0.8521765757306055,1.2632581634332607
-1.495621118463858,2.138099907515187,2.2440497211113497,-1.4956010923652916,2.138115897092451,2.244627041597722,-1.4347324991601196,2.0990901907366464,2.34281562489744,-1.4944947829640658,2.1394893783543325,2.2469237659234134,-1.9789925352407673,-1.0621125959551105,1.3031839405929413,-1.8441731304542,-0.8653311114746903,1.2640953272221656
-1.5186015597531874,2.132087345355476,2.2440510008497343,-1.5185666277501517,2.1321063162812055,2.244624700136715,-1.4575275645168524,2.0919316675740482,2.3440070614802586,-1.5175085173507228,2.133466161588284,2.2468660275172585,-1.957382157768915,-1.0717418755682073,1.3031696204191743,-1.8213083315342458,-0.878525186325706,1.2648114718932946
-1.541456241361568,2.125616851257879,2.2440526352019377,-1.5414081302366343,2.1256387632108886,2.244622630076252,-1.480196932393021,2.084329017271096,2.345199971200639,-1.540413911706485,2.126983120104981,2.2468111296837265,-1.9355835359630025,-1.0809334500932348,1.3031533052894433,-1.79831554103897,-0.8917428255379197,1.265432238274344
-1.5641737632607824,2.118691699129988,2.244054332559169,-1.5641150563345128,2.118716298061814,2.2446208592393178,-1.5027321256668882,2.076283881062062,2.346394587604035,-1.5631965215321089,2.1200432499298913,2.246759574440113,-1.913605203701967,-1.089684242441489,1.3031352557693046,-1.7752011116116428,-0.9049663255148894,1.265986583021862
-1.5867431421912952,2.1113152523198315,2.244055811008737,-1.5866770447988667,2.111342102084799,2.2446193194880166,-1.5251246160457939,2.0677979237463378,2.3475912533878427,-1.585841056868707,2.1126497539493765,2.2467115830128246,-1.8914557713444202,-1.097991349438164,1.3031157439553376,-1.7519710952772285,-0.9181762214182287,1.2665064866515618
-1.6091539589217907,2.1034909154232806,2.2440568455668912,-1.609084019541397,2.1035194426111907,2.244617883553574,-1.5473658291371357,2.0588728451862917,2.348790414494334,-1.6083319459054874,2.1048060428371596,2.2466670037647773,-1.8691439225828421,-1.1058520377966046,1.303095050185747,-1.728631259791509,-0.931351242086886,1.2670265749626888
-1.6313964599373885,2.095222098540928,2.2440573100381305,-1.6313262710682155,2.0952516472985,2.244616403039776,-1.5694471522793902,2.0495103934607832,2.3499925973004445,-1.630653927940084,2.096515729413563,2.2466252815835115,-1.846678411161832,-1.1132637402977852,1.3030734598292806,-1.705187105701562,-0.9444682552320917,1.2675836850743245
-1.6534616051907962,2.086512191519806,2.244057244605384,-1.6533945106217027,2.0865420880367633,2.244614752581196,-1.591359943811123,2.039712376642192,2.3511983983106783,-1.6527926244978852,2.087782616969611,2.2465854846645663,-1.8240680574757488,-1.1202240522099427,1.3030512601183177,-1.681643882815547,-0.9575022058186075,1.2682164083339136
-1.675341058383612,2.0773645549725175,2.244056905908676,-1.6752798925953734,2.0773941718146838,2.2446129033133126,-1.61309554318457,2.029480673738524,2.352408483583032,-1.674735036515746,2.0786106796045205,2.2465464056986897,-1.801321745057027,-1.1267307279715004,1.3030287370487021,-1.658006604357227,-0.9704260500138417,1.2689646618009613
-1.697027127543357,2.067782548534618,2.2440566345730786,-1.6969740054241074,2.067811348250083,2.244610945757394,-1.6346452818161585,2.018817245682643,2.3536235895435738,-1.696469921330425,2.069004033936515,2.246506745993256,-1.7784484169672958,-1.1327816781583449,1.3030061723615212,-1.634280059652491,-0.9832106878030495,1.2698692788951973
-1.7185126637314827,2.0577695776881013,2.2440566769510637,-1.7184688347103174,2.0577971387590126,2.2446090114361255,-1.6560004946139646,2.0077241466152045,2.3548445218104006,-1.7179880133200716,2.058966900067114,2.2464653995946318,-1.7554570721772298,-1.1383749669387153,1.3029838389711101,-1.6104688277928554,-0.9958249013268798,1.270971554529035
-1.7397909250141113,2.0473291375594145,2.2440571192665164,-1.7397567013453408,2.0473551706186095,2.244607211097798,-1.6771525320901517,1.996203535396196,2.3560721516857215,-1.7392820559406927,2.0485035302734667,2.246422016599307,-1.7323567618411801,-1.1435088098029158,1.3029619968538901,-1.586577295545545,-1.0082353127627337,1.2723126382308831
-1.7608554176678664,2.036464854236208,2.2440579031948524,-1.760830180765628,2.036489211047071,2.2446056092960345,-1.6980927729161033,1.9842576871236457,2.3573074115725814,-1.7603466573040505,2.037618184464277,2.246377175902523,-1.7091565850836297,-1.1481815705406309,1.30294089863664,-1.562609681956482,-1.0204063821028424,1.2739326797955122
-1.7816997283569418,2.0251805252659105,2.244058876438057,-1.781682010536317,2.025203199590616,2.244604228511376,-1.718812636772951,1.9718890045134556,2.358551290210877,-1.7811779887686479,2.0263151800698607,2.246331928716812,-1.6858656852140235,-1.152391759695366,1.3029207850337576,-1.5385700702921425,-1.032300467979567,1.2758696920361132
-1.802317361514069,2.0134801588114435,2.2440598476156355,-1.8023049943796987,2.0135012779062667,2.244603067695262,-1.7393035973527935,1.9591000290572715,2.3598048283127198,-1.8017733323073524,2.014598928212411,2.246287464365213,-1.662493245854967,-1.1561380332979272,1.3029018808086916,-1.5144624467975802,-1.0438779732422132,1.2781581578281966
-1.822701595312993,2.0013680089599766,2.2440606331980466,-1.8226919109619084,2.0013878157723357,2.244602122277058,-1.7595571953892735,1.9458934519613145,2.3610691145905602,-1.822130523905995,2.002473953127852,2.24624492981973,-1.6390484869635913,-1.1594191917587755,1.3028843923354083,-1.4902907455443564,-1.0550975923152448,1.2808274507683206
-1.8428453677883336,1.9888486047268834,2.244061089831905,-1.8428354352180552,1.9888674320302497,2.244601396769268,-1.7795650516121622,1.9322721249004344,2.3623452820654056,-1.8422473525360714,1.9899449065546395,2.2462053053079667,-1.6155406607994598,-1.1622341789982142,1.3028685060287566,-1.4660588974319229,-1.0659166667592084,1.283900209196332
-1.8627412011478885,1.975926768934764,2.2440611446402476,-1.8627280789826504,1.9759450097992604,2.244600900705636,-1.799318879531232,1.9182390706285348,2.3636345045699803,-1.8621209753962555,1.9770165797994226,2.246169313534927,-1.5919790478648346,-1.1645820818570498,1.3028543872322673,-1.4417708822928017,-1.0762916459588348,1.2873907958797044
-1.8823811674810222,1.962607618945737,2.244060876925099,-1.882362153750116,1.9626257000250984,2.244600669820448,-1.8188104979762671,1.9037974935194497,2.3649379930977124,-1.8817474076803617,1.9636939130087987,2.246137366896985,-1.5683729528278307,-1.1664621298031908,1.3028421793754184,-1.417430779666641,-1.0861786257617352,1.2913040888022795
-1.9017569051537604,1.9488965617633813,2.2440605298647065,-1.9017297599173326,1.9489149155486367,2.244600785358404,-1.838031843315433,1.888950790070617,2.3662569920476937,-1.9011211358539315,1.9499819981311581,2.2461095854926705,-1.5447317004286882,-1.1678736949156465,1.302832003493076,-1.3930427930856815,-1.0955338412035165,1.2956354433337254
-1.9208596890041156,1.9347992949906232,2.244060352500955,-1.9208228050306755,1.9348183201725626,2.2446013537068175,-1.8569749812842777,1.8737025594100767,2.3675927752829398,-1.9202348852211881,1.935886063410755,2.246085998563638,-1.5210646313411278,-1.1688162919877563,1.3028239593694848,-1.3686112636244563,-1.1043141057489747,1.3003712433318582
-1.9396805355452822,1.9203217930191099,2.2440604759762572,-1.9396330501238175,1.9203418175575355,2.244602415098628,-1.8756321183762137,1.858056613866987,2.3689466416582357,-1.939079563155169,1.9214114353483966,2.2460669690696884,-1.4973810980149467,-1.169289578843356,1.3028181275113242,-1.344140726765364,-1.11247739045955,1.3054883540556403
-1.9582103294089068,1.9054702745532128,2.2440608887828124,-1.9581521736386938,1.9054915301044308,2.244603888640259,-1.8939956127393438,1.8420169896228795,2.3703199100421686,-1.9576444298632516,1.9065635671229049,2.2460530101690375,-1.4736904606971284,-1.1692933578975517,1.3028145629537047,-1.31963598714756,-1.1199835033350694,1.3109533712674497
-1.976439962593938,1.8902511593244349,2.2440614686925384,-1.9763718462357593,1.8902737682274677,2.2446055723541862,-1.9120579845299044,1.8255879574446614,2.3717139138825902,-1.975917470053268,1.8913481085691441,2.24604419836374,-1.4500020832956373,-1.1688275771088883,1.3028132963513372,-1.2951021768707887,-1.1267946784574057,1.3167228781152505
-1.994360477252797,1.8746710209212079,2.2440620363092245,-1.9942838117410833,1.8746949949441005,2.2446071762328166,-1.929811925674023,1.8087740334779319,2.3731299953521288,-1.9938858917763516,1.8757709427947944,2.246039879419441,-1.4263253292517353,-1.1678923310842724,1.3028143359852535,-1.270544794608938,-1.1328759962376644,1.3227447056593984
-2.011963201953397,1.8587365412596448,2.2440624073307855,-2.01187996900884,1.858761790335062,2.244608368714351,-1.9472503089788022,1.7915799900458695,2.3745694991961313,-2.0115367081880398,1.8598381987226613,2.2460385899517807,-1.4026695574459138,-1.166487862499141,1.3028176691443718,-1.2459697300484218,-1.138195619500001,1.3289598608025766
-2.029239871425187,1.8424544708771917,2.2440624311102284,-2.0291524489312316,1.8424808193170874,2.24460882484634,-1.9643661965831356,1.7740108664666812,2.376033765591184,-2.028857348156044,1.8435562460774542,2.2460381363625554,-1.3790441181318085,-1.1646145637556466,1.3028232633426202,-1.2213832778409497,-1.1427248621539465,1.3353047661164847
-2.046182720043795,1.8258315967576306,2.2440620220112732,-2.0460936806941454,1.8258588049935363,2.244608272466611,-1.9811528476940956,1.7560719797572297,2.3775241223026047,-2.045836234134595,1.8269316750342717,2.2460358118304087,-1.355458348897366,-1.1622729788377533,1.3028310675178498,-1.196792144137973,-1.146438125699268,1.3417135126846167
-2.0627845418195636,1.8088747188870218,2.244061185149398,-2.06269644243382,1.8089025094881557,2.244606531020901,-1.9976037255534798,1.7377689350592698,2.379041876416231,-2.062463265356627,1.8099712604967273,2.246028757730684,-1.3319215706536918,-1.1594638053087623,1.3028410134428938,-1.1722034479350896,-1.1493127476917346,1.3481199038769458
-2.0790387114535,1.7915906355353368,2.2440600468332565,-2.078953892251948,1.7916187224271167,2.2446035462681477,-2.0137125035658325,1.7191076356183963,2.3805883058611563,-2.0787301598269816,1.7926819185465723,2.2460144012643473,-1.3084430836547019,-1.15618789643961,1.3028530172289376,-1.1476247183276345,-1.1513288003809419,1.3544591779869175
-2.0949391678526914,1.7739861428504013,2.2440588494266938,-2.094859576010662,1.7740142564347696,2.244599431622056,-2.0294730704836494,1.7000942920463817,2.3821646518343917,-2.0946306156127266,1.7750706525314528,2.245990997943345,-1.2850321635519737,-1.1524462634488637,1.3028669809053972,-1.1230638883992452,-1.1524688697773464,1.3606693735719098
-2.1104803687801557,1.7560680538652693,2.2440578540519724,-2.11040741561594,1.7560959566353855,2.2445944502639787,-2.0448795348781625,1.680735430989027,2.383772109504099,-2.1101602547010265,1.757144474665876,2.245958428643194,-1.2616980574894574,-1.1482400778181983,1.302882794162458,-1.098529286371611,-1.1527178366146293,1.3666923512443956
-2.1256572184380316,1.7378432260933954,2.244057239196897,-2.125591680970771,1.7378707226408616,2.2445889360485527,-2.059926228927373,1.6610379030398512,2.385411816289464,-2.1253164151912367,1.7389104030819473,2.2459182027138396,-1.2384499802430597,-1.1435706736645883,1.3029003361773948,-1.0740296246735241,-1.152062673251432,1.3724745115563262
-2.140464970458929,1.7193185891504188,2.244057065359942,-2.14040694501499,1.7193455327500788,2.2445832332057103,-2.0746077112396835,1.6410088892920598,2.387084840340977,-2.140097803505681,1.7203755243786845,2.24587274491912,-1.2152971104097972,-1.1384395501456535,1.3029194775246298,-1.0495739876123762,-1.1504922653860876,1.3779672563368035
-2.154899115396424,1.7005011719581933,2.244057288462628,-2.154848026355585,1.700527467920377,2.244577665014103,-2.088918768555646,1.620655906103324,2.3887921700565333,-2.1545039878013106,1.7015470323187032,2.2458249055091914,-1.192248586648463,-1.132848373881877,1.302940082113702,-1.0251718182586234,-1.147997264061091,1.383127238758293
-2.1689552634938187,1.681398129582137,2.244057793809922,-2.1689099258701376,1.6814237352723909,2.244572518447161,-2.102854416277669,1.599986807726793,2.39053470450263,-2.1685348057823624,1.6824322532537288,2.245777596621305,-1.1693135039710674,-1.126798981366913,1.3029620091812397,-1.000832904977702,-1.1445699708997683,1.3879164423357078
-2.1826290332230505,1.6620167686057963,2.2440584321618893,-2.182587763448255,1.6620416902015684,2.244568034436962,-2.116409897827088,1.579009786569046,2.392313243885243,-2.1821897611276126,1.6630386658989718,2.2457334816473007,-1.1465009100856138,-1.1202933813452,1.3029851152941814,-0.9765673678285639,-1.1402042573436424,1.3923021239985562
-2.1959159548132745,1.6423645690485638,2.244059050974905,-2.1958767202911833,1.6423888554347144,2.244564399606388,-2.1295806827264423,1.5577333706283711,2.3941284812034453,-2.1954674766134583,1.6433739163074903,2.2456947133810696,-1.1238198017913315,-1.1133337571358393,1.303009256333425,-0.9523856448648902,-1.1348955166120824,1.3962566523374937
-2.208811396357479,1.6224492009800666,2.244059518032371,-2.20877199127129,1.6224729352084226,2.244561739932245,-2.1423624634687597,1.5361664178470298,2.395980994501478,-2.2083652617682596,1.623445825538738,2.245662755474455,-1.1012791214266187,-1.1059224688816185,1.3030342894469773,-0.9282984782741553,-1.1286406451529591,1.399757269139852
-2.221310516517773,1.602278533185903,2.244059752447072,-2.2212687503468986,1.6023018228053014,2.2445601225873757,-2.1547511511175057,1.5143181070409133,2.3978712406116354,-2.220878828296151,1.6032623783538955,2.2456384410357724,-1.0788877533693717,-1.0980620557041803,1.3030600749557484,-0.9043169002860193,-1.1214380486739102,1.402785799734225
-2.2334082445282464,1.5818606303407137,2.244059791757154,-2.233362130991485,1.5818836003328445,2.2445595699469068,-2.1667428696637345,1.492197925177276,2.39979955069369,-2.2330021770329647,1.5828316893533394,2.245622330693693,-1.0566545205892426,-1.089755237747272,1.3030864781943228,-0.8804522188520567,-1.1132876666880043,1.4053283347340784
-2.2450993001350215,1.5612037472333644,2.24405977804046,-2.2450472243893573,1.5612265318170935,2.2445600673294974,-2.178333949204704,1.4698156508328855,2.401766127794884,-2.24472772867291,1.562162005792502,2.245614622515319,-1.0345881812515711,-1.081004918089407,1.3031133712796477,-0.8567160032364696,-1.104191008278768,1.4073749048042263
-2.2563782545820152,1.5403163230748464,2.244059834240421,-2.2563190979685217,1.5403390524983982,2.2445615314335474,-2.189520918016968,1.447181333761446,2.403771046717282,-2.256046683168932,1.5412617473318466,2.2456145585726515,-1.012697425373035,-1.0718141845082725,1.3031406347947025,-0.8331200699167015,-1.094151187718953,1.4089191803331276
-2.2672396104327603,1.5192069643658324,2.2440599982967844,-2.267172828885723,1.5192297524433958,2.244563776590678,-2.200300493574121,1.4243052705302814,2.4058142572424037,-2.2669495007383604,1.5201395179394492,2.245620148600668,-0.9909908715278058,-1.0621863110849283,1.3031681593311875,-0.8096764684137909,-1.0831729520829159,1.4099582119232579
-2.2776778921078025,1.4978844180877051,2.244060221510789,-2.2776035462505453,1.4979073533633864,2.2445665140993682,-2.210669572714356,1.4011979764135034,2.407895590346379,-2.277426455170241,1.4988040898985837,2.2456282490695108,-0.9694770636035143,-1.0521247596267689,1.3031958469298288,-0.7863974648607636,-1.0712627034962454,1.410492196515427
-2.2876877426339304,1.4763575399289797,2.2440603990922288,-2.287606479326567,1.476380681095439,2.2445693775880478,-2.220625221119898,1.3778701538246854,2.410014767496333,-2.2874682108540507,1.4772643696866437,2.245634901077544,-0.9481644676043864,-1.0416331808950374,1.3032236124050005,-0.7632955251358062,-1.0584285005581484,1.4105243232223776
-2.2972640210197826,1.4546352615280376,2.2440604089708147,-2.297177008676224,1.454658636442791,2.2445719652354774,-2.230164662256549,1.3543326576184551,2.4121714136712806,-2.297066366382568,1.4555293529420998,2.2456358543444765,-0.9270614685040166,-1.0307154156173035,1.3032513845935538,-0.7403833001839049,-1.0446800746205576,1.4100605586581054
-2.30640189371229,1.4327265598408494,2.2440601445505477,-2.306310717284473,1.4327501671933376,2.244573885679893,-2.2392852661129035,1.3305964578333345,2.414365072893953,-2.306213908100339,1.4336080745690722,2.245627215242326,-0.906176367144912,-1.0193754952880618,1.3032791073670167,-0.717673613474406,-1.0300288840224707,1.4091092726193923
-2.3150969126734684,1.4106404304643303,2.244059541505511,-2.315003438558135,1.4106642438607604,2.244574795071917,-2.247984537940542,1.306672600412892,2.4165952266557738,-2.3149055361688426,1.4115095646122109,2.2456060707668133,-0.8855173771798039,-1.007617642741614,1.3033067404284449,-0.6951794516161405,-1.0144881465708684,1.4076809226726863
-2.323345074232731,1.3883858664031228,2.2440585947721434,-2.323251295397869,1.3884098394752282,2.2445744422813023,-2.256260107421066,1.2825721666424894,2.4188613135537445,-2.3231378219511467,1.3892428094649203,2.2455710961889785,-0.8650926220541523,-0.9954462724752569,1.3033342599969704,-0.6729139548945721,-0.9980728458181862,1.4057878231614185
-2.331142853700907,1.365971842886637,2.244057369808283,-2.3310507296773464,1.3659959157697588,2.244572697841043,-2.264109718600174,1.258306231886565,2.4211627503843913,-2.330909131118167,1.366816700685607,2.2455234470340693,-0.8449101320296007,-0.9828659907134664,1.3033616593771575,-0.6508904066061146,-0.9807997212940298,1.4034439633198288
-2.3384872133926975,1.34340730963374,2.2440560049676694,-2.338398518378349,1.3434314155843197,2.2445695774946057,-2.2715312206596385,1.2338858240662416,2.4234989576468298,-2.3382194438869903,1.344240053258234,2.2454665171966113,-0.8249778412456019,-0.969881595211491,1.3033889493294062,-0.6291222214053688,-0.9626872466379511,1.400664857343447
-2.3453755857090304,1.3207011921828407,2.2440546911801666,-2.345291775451408,1.3207252625963544,2.244565251637623,-2.278522559958541,1.2093218827463843,2.425869387690233,-2.3450700751436835,1.3215216722502265,2.2454047992073822,-0.805303584816329,-0.9564980747894286,1.303416158239679,-0.6076229334682923,-0.9437555948748486,1.397467426365282
-2.3518058368591648,1.2978624020907008,2.2440536144638408,-2.3517279423090707,1.2978863700262848,2.2445600118030655,-2.2850817737772178,1.1846252198209837,2.428273552694643,-2.3514632276810117,1.2986703957563828,2.2453430611439726,-0.7858950959673072,-0.9427206085754639,1.3034433322088192,-0.5864061851518478,-0.9240265906185623,1.3938699139879394
-2.3577762130680155,1.2748998523119082,2.2440528970499405,-2.3577047676049068,1.2749236554671746,2.2445542131432705,-2.2912069860025124,1.1598064827201027,2.4307110506308347,-2.357401456202782,1.275695122356966,2.2452857401953987,-0.7667600032112277,-0.9285545649562792,1.3034705350081854,-0.5654857170942785,-0.9035236492069888,1.3898918413451151
-2.3632852703052696,1.2518224742252457,2.244052577019441,-2.363220276778013,1.2518460577935713,2.244548226399949,-2.2968964047149236,1.1348761209482827,2.4331815893068733,-2.3628871153189204,1.252604828276156,2.245236491041353,-0.7479058275546009,-0.9140055002490681,1.303497847713358,-0.5448753598020049,-0.8822717072405103,1.3855539939983905
-2.3683317940648094,1.2286392353174955,2.2440526176489644,-2.368272734442085,1.2286625544338245,2.2445424057241516,-2.302148321432272,1.109844356694299,2.4356850100283465,-2.3679218570042524,1.2294085762368878,2.245197876161459,-0.7293399797427519,-0.8990791570669224,1.3035253682411359,-0.524589026255885,-0.8602971502248311,1.380878428096292
-2.3729147170603118,1.2053591566543702,2.2440529299484586,-2.372860603637928,1.2053821780256735,2.2445370680104655,-2.306961112024632,1.0847211605310327,2.438221307727449,-2.372506231366506,1.2061155164601192,2.245171214482341,-0.711069757540664,-0.8837814623727756,1.3035532108037196,-0.5046407052215158,-0.8376277411052215,1.3758884878537538
-2.3770330422986374,1.1819913288748651,2.2440533968908283,-2.3769825060685585,1.1820140313988605,2.2445324776435807,-2.3113332392798096,1.0595162331968833,2.440790643896758,-2.376639417711912,1.1827348763627652,2.2451567087124116,-0.693102343045023,-0.8681185252264352,1.3035815052040007,-0.4850444549995967,-0.8142925518395661,1.3706088290409546
-2.3806857779433743,1.1585449252599904,2.244053893909368,-2.380637186809516,1.1585672996595495,2.244528833763284,-2.315263257023332,1.0342389939800443,2.4433933513686723,-2.380319102349302,1.1592759401514712,2.2451538778838174,-0.6754448000299321,-0.8520966342193423,1.3036103959976195,-0.46581439798397545,-0.790321897627724,1.365065451458893
-2.3838718885162233,1.1350292104343096,2.2440543081599302,-2.3838234860203293,1.1350512581004013,2.2445262613171346,-2.3187498152209955,1.0088985756158095,2.446029936092212,-2.383541575507982,1.135748044787707,2.2451616151320284,-0.6581040713157287,-0.8357222546083948,1.3036400414037983,-0.44696471679196903,-0.7657472725502532,1.3592857480805116
-2.3865902642868124,1.1114535434883042,2.2440545685786324,-2.3865403192059893,1.1114752748722219,2.2445248092792545,-2.321791665983045,0.9835038255093581,2.448701077678213,-2.386302047359806,1.112160592273101,2.245177755269559,-0.6410869761729686,-0.819002025149229,1.3036706120478252,-0.4285096525825139,-0.7406012862577624,1.3532985777472144
-2.3888397094371006,1.087827374706911,2.2440546976365785,-2.3887866650476064,1.0878488076355695,2.244524472481407,-2.324387670398748,0.9580633129926633,2.4514076303640215,-2.3885950685629127,1.088523047706604,2.2451989472603295,-0.6244002077840178,-0.8019427546232046,1.3037022897076183,-0.41046350453140573,-0.7149176051677274,1.3471343516620744
-2.3906189626088947,1.0641602386932247,2.2440547792849936,-2.3905615666518267,1.0641813958479283,2.2445251885540816,-2.326536806476657,0.9325853423326582,2.4541506226701904,-2.3904150020294006,1.064844923878459,2.2452209160143703,-0.6080503307650371,-0.7845514180649636,1.30373526603752,-0.39284063104808803,-0.6887308986144656,1.3408251438332104
-2.3919267446661197,1.0404617435589174,2.2440548725166294,-2.3918641456471037,1.0404826489095604,2.2445268103181713,-2.3282381782060075,0.9070779710643815,2.4569312556653706,-2.391756510151577,1.0411357605842446,2.2452389651749143,-0.5920437787410904,-0.7668351527039267,1.3037697411667433,-0.37565545159837604,-0.6620767939749662,1.3344048183010382
-2.39276181592214,1.0167415541587594,2.24405497870808,-2.392693622048351,1.0167622295632508,2.2445291029697274,-2.3294910260862878,0.8815490332519088,2.4597508961586323,-2.392615014922191,1.017405104280141,2.2452485995455467,-0.5763868519769086,-0.7488012536181424,1.3038059222555773,-0.35892244794160116,-0.6349918444736316,1.3279091679223656
-2.3931230393849408,0.9930093713468726,2.2440550480681445,-2.3930493387468634,0.9930298339377021,2.244531761504744,-2.3302947385915993,0.8560061670903429,2.4626110683043057,-2.392987089497469,0.9936624919234502,2.245246160676255,-0.5610857150642514,-0.730457169105121,1.3038440220427794,-0.3426561633222356,-0.6075135133798526,1.3213760589603163
-2.3930094472774215,0.9692749094245865,2.24405500363369,-2.392930789295095,0.9692951698163256,2.2445344419176174,-2.3306488643907417,0.8304568463096228,2.4655134435179904,-2.3928707527010635,0.9699174418717343,2.2452293367597926,-0.5461463946617101,-0.711810495785479,1.303884257320003,-0.326871197814108,-0.5796801783487159,1.31484557454911
-2.392420307041539,0.9455478736879565,2.244054767809893,-2.3923376476615896,0.9455679348056673,2.2445367969088035,-2.3305531250084517,0.8049084147709203,2.4684598293242357,-2.392265621554579,0.9461794493954687,2.245197626637719,-0.5315747772923182,-0.692868973443019,1.3039268474023469,-0.3115821977342636,-0.5515311595841331,1.3083601495256612
-2.391355181967676,0.9218379395958434,2.2440542856043706,-2.391269798798766,0.9218577960425313,2.2445385033917455,-2.330007427630876,0.7793681235987558,2.471452157466826,-2.391172871682612,0.922457983554418,2.2451529194360726,-0.5173766072003646,-0.6736404796137597,1.3039720125980563,-0.2968038368837362,-0.5231067753679456,1.3019646893635743
-2.389813981903154,0.8981547347072139,2.2440535402120805,-2.389727365010977,0.8981743725004648,2.2445393004533067,-2.329011877981739,0.7538431701567806,2.474492469648671,-2.389595132867459,0.898762500758214,2.245098998475356,-0.5035574842709333,-0.6541330239379283,1.3040199726945196,-0.2825507874800346,-0.4944484282637628,1.2957066678037499
-2.387796999745525,0.8745078241933103,2.2440525615017735,-2.38771072761025,0.8745272212228425,2.244539021984626,-2.327566792889064,0.7283407381050618,2.477582901680811,-2.3875362922293357,0.8751024603080105,2.245040466037807,-0.4901228620126574,-0.6343547422959569,1.3040709454384276,-0.2688376785959275,-0.4655987252351122,1.2896361972336583
-2.3853049307221035,0.8509067008265443,2.2440514269010845,-2.3852205435940315,0.8509258282659624,2.2445376085672457,-2.3256727122414675,0.7028680377479732,2.4807256662371078,-2.3850011593339775,0.851487328549964,2.244981961911,-0.4770780456112788,-0.6143138907444092,1.304125145079709,-0.25567903926774527,-0.43660163486892495,1.283806059192657
-2.3823388737756046,0.8273607802488592,2.2440502493905288,-2.3822577535590255,0.8273796045381084,2.244535115080085,-2.323330410123853,0.6774323458364159,2.483923033877141,-2.381995049851497,0.8279265750781708,2.2449276483760015,-0.4644281900576896,-0.5940188392766589,1.3041827809843762,-0.2430892234268142,-0.40750268342862767,1.2782716799145772
-2.37890031501807,0.8038794014614554,2.244049161125111,-2.378823581580934,0.8038978867509492,2.2445317012155033,-2.3205409048864216,0.6520410439391198,2.487177312482963,-2.3785233465594136,0.8044296643459643,2.2448808872629993,-0.4521782983414773,-0.5734780654462818,1.3042440561806863,-0.23108230924012807,-0.37834919007619944,1.2730909958054049
-2.3749910972795854,0.7804718317646728,2.2440482849982435,-2.3749195274052273,0.7804899428838381,2.2445276058147425,-2.3173054680638985,0.626701654473366,2.4904908242409403,-2.3745910902414886,0.7810060449341145,2.244844057002667,-0.4403332197188294,-0.5527001478663637,1.304309165964213,-0.21967195956417457,-0.3491905357963885,1.2683241045047842
-2.370613378864371,0.7571472749925511,2.244047699364776,-2.3705473517696984,0.7571649809361468,2.244523111995834,-2.3136256317469135,0.6014218734142999,2.4938658820871944,-2.370202642931218,0.7576651379972013,2.2448184820984194,-0.4288976480597655,-0.5316937596036935,1.3043782966445217,-0.20887122240119205,-0.3200784491176137,1.2640325327869038
-2.365769581846233,0.7339148818999902,2.244047424165802,-2.3657090561426006,0.7339321594339978,2.2445185130478555,-2.309503194071735,0.576209598737717,2.4973047670642434,-2.3653614472421727,0.7344163264007294,2.244804511532934,-0.4178761202967726,-0.5104676614874268,1.3044516246278033,-0.19869224454822215,-0.2910672731236468,1.2602779019898376
-2.36046233418136,0.7107837616412072,2.244047427102731,-2.3604068585974947,0.7108005983369492,2.244514086584564,-2.304940222796326,0.5510729536506166,2.5008097057107532,-2.360069887766053,0.7112689467419768,2.244801808272552,-0.40727301496008267,-0.48903069540171085,1.3045293155281035,-0.1891458738424995,-0.2622141544681256,1.2571197741727547
-2.3546944112802746,0.6877629931827414,2.2440476388803248,-2.354643167174956,0.687779389397119,2.2445100847302717,-2.2999390582625687,0.5260203036626901,2.5043828354287117,-2.354329287683583,0.6882322831286198,2.2448095428128036,-0.3970925507881587,-0.4673917776107294,1.3046115231508055,-0.18024114015064366,-0.23357907259402824,1.25461254773513
-2.348468682221922,0.6648616354450779,2.2440479699710445,-2.3484205558164297,0.6648776048470195,2.2445067150614233,-2.2945023128332287,0.5010602666175665,2.5080261826745374,-2.348140062340096,0.6653155579166452,2.2448262095495397,-0.3873387854193313,-0.4455598921273018,1.3046983885249483,-0.17198463351479049,-0.20522461545775122,1.2528014466840076
-2.341788064974725,0.6420887350702131,2.2440483250835443,-2.3417417430810645,0.6421043035846213,2.2445041260075738,-2.2886328674693233,0.4762017149703913,2.5117416479426833,-2.341501966504784,0.6425279215298041,2.2448494771402374,-0.3780156141607029,-0.4235440841489467,1.3047900390287763,-0.1643798369253315,-0.1772154160649482,1.2517178998642537
-2.334655493702495,0.6194533309828264,2.244048616200423,-2.3346095743816346,0.6194685342797438,2.244502403187945,-2.2823338663355,0.45145376965206746,2.5155309896828224,-2.3344143831486286,0.6198784459638059,2.244876303586834,-0.36912676883919476,-0.4013534535927584,1.3048865876578433,-0.15742656310950995,-0.14961722669711386,1.2513752549799466
-2.3270738980570522,0.5969644556431644,2.2440487922256813,-2.3270270094028196,0.5969793349495967,2.2445015710292475,-2.275608709155086,0.4268257850592018,2.5193958095981936,-2.326876630661543,0.5973761235339001,2.2449032479659534,-0.36067581673357835,-0.37899714876615564,1.3049881324165407,-0.15112087207365157,-0.12249582791935855,1.2517673911043667
-2.3190461971353815,0.5746311324615804,2.244048871858149,-2.3189971156155464,0.5746457288554409,2.2445015955372822,-2.2684610410246036,0.40232732495839335,2.523337542191439,-2.318888269382247,0.5750298704622759,2.2449268616555575,-0.3526661595923094,-0.3564843602106348,1.3050947558448096,-0.14545520877578916,-0.09591574928021905,1.2528684181318426
-2.3105753171242323,0.5524623675567267,2.24404890780478,-2.310523067275733,0.5524767170338728,2.2445023931485557,-2.260894739558071,0.37796812941922664,2.5273574507840473,-2.31044938404345,0.5528485343448601,2.2449440858659555,-0.3451010327419008,-0.3338243147549754,1.3052065246886262,-0.14041839702101838,-0.06993854282436042,1.2546310452409
-2.301664224933616,0.530467137557374,2.2440489329669977,-2.301608152342749,0.5304812673145107,2.2445038214783697,-2.252913899540664,0.3537580732474934,2.5314566299072507,-2.3015608240164047,0.530840903272087,2.244952576809096,-0.3379835042733461,-0.31102626981643056,1.3053234896025694,-0.1359959122597714,-0.044620664038911385,1.2569863839574207
-2.2923159679272147,0.5086543754696932,2.2440489418016387,-2.292255782616189,0.5086683012161448,2.2445056845992526,-2.244522815007524,0.32970711670786856,2.535636017048391,-2.2922243854838857,0.5090157144175183,2.2449509129297565,-0.33131647431973366,-0.2880995079785787,1.305445684976749,-0.13217056062404675,-0.020010948544225873,1.2598459378414415
-2.282533717278529,0.4870329554052887,2.2440488973155985,-2.2824695065608696,0.4870466794468571,2.2445077493745087,-2.2357259596046397,0.3058252494875424,2.5398964090527913,-2.2824429105240864,0.4873816635536259,2.2449387700358243,-0.32510267442875834,-0.265053331873854,1.305573128906328,-0.12892350571458605,0.0038523854371442924,1.2631054588589625
-2.27232081298504,0.4656116768899225,2.244048749136166,-2.2722530241775045,0.46562518683507653,2.2445097677271137,-2.226527965248858,0.282122429436869,2.5442384863440326,-2.2722202855719695,0.4659474167235441,2.2449171217664756,-0.3193446670203205,-0.2418970593980181,1.3057058232168433,-0.12623559441091095,0.02694511934294359,1.2666506467910998
-2.2616808080093564,0.44439924947216275,2.244048451423491,-2.2616102028756515,0.4444125176441655,2.2445115011389967,-2.2169335998389985,0.2586085178082392,2.5486628412193175,-2.2615613996839055,0.4447216034465979,2.2448879142699227,-0.31404484493959806,-0.2186400192732048,1.3058437536147602,-0.1240888346107191,0.04926058078122184,1.2703640011398112
-2.250617508148036,0.4234042784690378,2.2440479769067507,-2.250545093189687,0.4234172622106842,2.2445127438364025,-2.2069477444874672,0.2352932129585316,2.553170010683255,-2.250472045909047,0.4237127988452586,2.244853527496055,-0.3092054310950434,-0.19529154698055531,1.3059868898342266,-0.1224678454079972,0.0708128091739903,1.2741322212611097
-2.239135003967105,0.40263525269630834,2.244047328097505,-2.239061942976223,0.4026478957563468,2.244513342821074,-2.196575370805864,0.2121859848372544,2.557760514330219,-2.2389587520780085,0.4029295088651117,2.2448164317829407,-0.30482847819414777,-0.17186098106655356,1.3061351859061077,-0.1213612023659195,0.09163846500735601,1.2778545608281389
-2.227237692330296,0.38210053472097816,2.244046541359723,-2.2271652087604816,0.38211277000336913,2.2445132130427043,-2.185821518953344,0.18929601262618378,2.5624348963719896,-2.2270285765811053,0.38238015716469126,2.2447789668318316,-0.30091586855393565,-0.14835765983296584,1.3062885803879483,-0.12076247384506908,0.11179710247508952,1.2814509997465535
-2.214930285961565,0.3618083540426799,2.2440456807832407,-2.2148595632941026,0.36182010786128993,2.2445123442088954,-2.1746912773080123,0.1666321278415762,2.5671937692227242,-2.2146888936513363,0.3620730734905882,2.2447432092915895,-0.2974693140024981,-0.12479091840489896,1.3064469966911543,-0.1206711028449082,0.13136955430400063,1.2848712990271836
-2.2022178100650267,0.34176680363158063,2.2440448270248434,-2.2021498986533765,0.3417780011285912,2.244510797365008,-2.1631897648816896,0.14420276507477364,2.5720378534470862,-2.201947189628539,0.34201648297074194,2.244710892969365,-0.29449035586470235,-0.10117008617201904,1.3066103434320395,-0.12109232383965465,0.15045527207791903,1.2880999677204927
-2.189105586672548,0.321983839891448,2.2440440652956695,-2.1890413244232496,0.3219944109455341,2.2445086930220755,-2.151322116709996,0.12201592260338058,2.576968015938634,-2.188810886168183,0.3222184961657253,2.244683362794012,-0.29198036503530217,-0.07750448458740916,1.306778514839099,-0.12203512091645906,0.16916930384644424,1.2911493380440728
-2.1755992094435235,0.30246728527355027,2.2440434679109584,-2.17553916106879,0.302477170527032,2.2445061935857926,-2.139093472589143,0.10007913471486406,2.5819853059969184,-2.1752872008157005,0.30268710010092603,2.2446615555788836,-0.2899405421225319,-0.053803425307685206,1.306951391102267,-0.12350897946377501,0.18763768581634335,1.294043529308782
-2.1617045108073665,0.28322483297903406,2.2440430769881665,-2.1616489290816276,0.28323398961052093,2.2445034834983453,-2.1265089696082025,0.07839945710470654,2.587090987329262,-2.1613830488014676,0.2834301514527204,2.2446460195987603,-0.2883719176762953,-0.030076208648372134,1.307128838778308,-0.1255211960543814,0.2059901997091745,1.2968053615579853
-2.147427522943396,0.26426405352333093,2.24404289744822,-2.1473763347832273,0.26427246003210325,2.244500751141723,-2.1135737388362936,0.056983466178406036,2.592286564015345,-2.147104985816529,0.2644553730647404,2.2446369840843565,-0.2872753524912881,-0.006332122327323426,1.3073107111640818,-0.12807516863358226,0.2243517986200107,1.2994485405850889
-2.1327744355099685,0.24559240243004687,2.2440429007333553,-2.1327272541006064,0.24560006165569107,2.244498173692004,-2.1002929066916023,0.03583727230338446,2.597573795648815,-2.1324591935222794,0.24577035154821464,2.2446344277551304,-0.28665153798487053,0.017419559539150035,1.3074968486626648,-0.13116972856203132,0.2428344310454593,1.3019747205133365
-2.117751553738221,0.2272172279966072,2.2440430347005145,-2.117707715674096,0.22722416787765623,2.2444959052356817,-2.08667160047162,0.014966546772551473,2.6029547064397267,-2.117451507307867,0.22738253146140952,2.2446380692887233,-0.2865009966367083,0.04116957722328881,1.3076870790885262,-0.13479942673977469,0.26153058407049534,1.3043746674089753
-2.102365260397469,0.20914577808854778,2.2440432348931316,-2.102323884544918,0.20915205005155868,2.2444940684420143,-2.0727149581458217,-0.0056234387210973395,2.6084315852120468,-2.1020874725392327,0.20929920848143382,2.2446473329075927,-0.28682408249289615,0.06490868599532433,1.307881217960668,-0.1389555345532497,0.2805093102557442,1.3066324250498065
-2.0866219844161313,0.19138520521800387,2.244043435830487,-2.0865820476401025,0.19139088026036577,2.244492748619051,-2.0584281418128,-0.025927761550729497,2.6140069805492137,-2.086372414191699,0.19152752725205047,2.244661379169817,-0.2876209817293254,0.08862765659764094,1.308079068750833,-0.14362752677152685,0.2998150459504869,1.3087320106956863
-2.070528178032921,0.1739425695568116,2.244043583818557,-2.070488601912012,0.1739477320518386,2.244491989783924,-2.043816354913992,-0.04594178908964505,2.619683686722032,-2.0703115156268077,0.17407448341411208,2.2446791825349677,-0.28889171327731117,0.112317275629711,1.3082804231405507,-0.14880423655165836,0.31946865712343,1.3106622557091785
-2.054090303817604,0.15682483955579457,2.2440436513924014,-2.054050045593486,0.1568295789676085,2.2444917934028212,-2.0288848622981015,-0.06566111356519694,2.6254647248921907,-2.053909902646118,0.1569469281538857,2.2446996262160495,-0.2906361294995574,0.1359683458880607,1.308485061242284,-0.1544743480598265,0.3394699115182845,1.312417273024616
-2.0373148327870227,0.1400388894343267,2.2440436487471684,-2.037272972804257,0.1400432908702149,2.2444921200901895,-2.0136390130204225,-0.08508148429074387,2.6313533131278724,-2.0371727278522376,0.1401515739074569,2.2447215956229374,-0.29285391690556556,0.15957168670331195,1.3086927517412619,-0.16062664809074748,0.35980098671250416,1.3139944351982575
-2.0202082559221366,0.12359149192896324,2.2440436077833246,-2.020164071507757,0.12359562821828823,2.244492894093205,-1.9980842647640722,-0.10419874046084324,2.6373528281395355,-2.020105250941246,0.12369499968372831,2.244744053711362,-0.29554459690108154,0.1831181343207666,1.308903251947274,-0.16725041260573795,0.38043072496332586,1.3153927838481994
-2.0027771062470032,0.10748930780439464,2.2440435508791587,-2.0027301245556957,0.10749323457098078,2.244494010144921,-1.9822262083918685,-0.12300874750954474,2.6434667643300154,-2.002712910396957,0.10758365539682344,2.2447660947678645,-0.2987075265724932,0.20659854237085076,1.309116307808372,-0.1743359341588605,0.40131911483001853,1.316613118997507
-1.9850279856811823,0.09173887495820053,2.244043477891453,-1.9849780134171677,0.0917426277070499,2.2444953417089315,-1.9660705915898562,-0.14150734038679122,2.6496986893921064,-1.9850013831808901,0.09182386504902469,2.244786976647123,-0.3023418995041696,0.2300037824694351,1.3093316539441149,-0.18187495238857354,0.4224214193965586,1.3176587146830219
-1.9669675943735963,0.07634659758593942,2.244043369226157,-1.9669147239685543,0.07635018994826462,2.2444967504676545,-1.9496233402016718,-0.15969027672858152,2.6560521988034806,-1.9669766303770415,0.07642182868428225,2.2448061331320517,-0.30644674661446397,0.2533247449861429,1.3095490136768984,-0.18986079875662995,0.4436916502632703,1.318535212770177
-1.94860276079931,0.06131873549671582,2.2440431960448417,-1.9485473535892042,0.061322158427287554,2.244498097373825,-1.9328905760694466,-0.17755320266480543,2.6625308693253014,-1.9486449272084352,0.0613836236593931,2.244823177279027,-0.3110209369897031,0.27655234001305506,1.309768098978617,-0.19828833050970757,0.4650853166973485,1.3192499745471886
-1.929940470493901,0.04666139388359246,2.2440429316660246,-1.9298831187760608,0.04666461600746463,2.2444992549247833,-1.9158786298499593,-0.19509163330312823,2.6691382155184376,-1.9300128774047014,0.0467152055550338,2.244837900719958,-0.3160631787071184,0.29967749856401193,1.3099886103348115,-0.20715381351193526,0.4865612962691359,1.3198116428092652
-1.9109878910353413,0.03238051407417641,2.2440425614425403,-1.910929362550869,0.03238348335791147,2.2445001187046114,-1.8985940477992758,-0.21230094948655615,2.675877648952569,-1.911087414086503,0.032422407403696084,2.244850257836038,-0.3215720196566054,0.32269117403126096,1.3102102366991975,-0.21645462494389922,0.5080826568921245,1.3202284557032247
-1.8917523910218599,0.01848186585120728,2.2440420900282914,-1.8916935608834455,0.018484512594887974,2.244500616758396,-1.8810435913505281,-0.22917641117942106,2.6827524468994155,-1.891875790120116,0.01851093561443833,2.2448603255876325,-0.3275458483292688,0.3455843439197586,1.310432655415579,-0.22618906494295443,0.5296167109194336,1.3205079777620525
-1.8722415511901334,0.004971041736910056,2.244041545846523,-1.8721833273749113,0.004973282791226355,2.244500716128035,-1.8632342288917587,-0.24571318712851956,2.689765734336304,-1.8723855598315398,0.00498636392599463,2.244868256318661,-0.33398289455250296,0.3683480118790133,1.3106555320464526,-0.2363561429369622,0.5511345111592815,1.3206575496980408
-1.8524631669659886,-0.00814654717634044,2.2440409773716588,-1.8524064155410895,-0.00814480259232365,2.244500426101871,-1.8451731198991237,-0.2619063997130806,2.696920478887341,-1.8526245539000343,-0.008145872160133783,2.2448742460232536,-0.3408812301680636,0.3909732100546968,1.3108785201184485,-0.24695523265467095,0.5726100277820841,1.3206842976958353
-1.8324252426191645,-0.020865673819892565,2.244040440050351,-1.8323707187564002,-0.020864517136375504,2.244499791321364,-1.826867591952049,-0.27775118289129974,2.704219499292881,-1.8326008504468663,-0.02088048015877948,2.244878517569761,-0.34823876965624234,0.4134510017723875,1.311101260910072,-0.257985750249881,0.5940192589093389,1.3205951681951378
-1.8121359773429988,-0.033181295354959166,2.2440399825183577,-1.8120842674215933,-0.03318081152052543,2.2444988793323857,-1.808325111996974,-0.2932427505422122,2.711665481737571,-1.8123227450756698,-0.03321231522376704,2.244881310362432,-0.3560532706945719,0.43577248455744716,1.3113233833383542,-0.26944694677196285,0.6153394215294898,1.3203972059461981
-1.7916037441322272,-0.045088550885875045,2.2440396386347015,-1.7915552222783908,-0.04508881085801721,2.2444977804303177,-1.7895532527095446,-0.3083764706990143,2.7192610132771837,-1.7917987216272973,-0.04513638491371375,2.244882872183837,-0.3643223346229834,0.45792879349090526,1.3115445038735343,-0.2813377859793898,0.6365482941578703,1.3200976749213158
-1.7708370634167416,-0.05658275760247082,2.2440394225628575,-1.770791866091466,-0.05658381186559085,2.2444965974495057,-1.7705596561833739,-0.3231479416591574,2.727008627398052,-1.7710374247374747,-0.05664785412529898,2.2448834517178633,-0.3730434067995966,0.4799111048909218,1.3117642265318064,-0.29365687307364374,0.6576237395032833,1.319703858827163
-1.7498445733229184,-0.06765940584863418,2.2440393273792045,-1.749802593597874,-0.06766127960999273,2.2444954340917898,-1.7513519972123592,-0.3375530654006542,2.7349108586096222,-1.7500476348282215,-0.06774205007198834,2.2448832915998547,-0.3822137768251869,0.5017106403046641,1.3119821429526,-0.3064024384083566,0.6785433921601942,1.3192228688760448
-1.7286349985409373,-0.07831415347075636,2.2440393284941234,-1.7285959001816227,-0.07831684403434334,2.2444943854958175,-1.7319379483387718,-0.35158811352574637,2.7429703041798463,-1.7288382458475744,-0.07841446714094809,2.2448826223011364,-0.39183057860600184,0.5233186707954142,1.312197832507462,-0.3195723605357618,0.6992844839442135,1.3186615663104475
-1.7072171201121344,-0.08854282012370195,2.2440393901872504,-1.7071803698975407,-0.08854629656801283,2.2444935331202176,-1.7123251490769906,-0.36524978162426047,2.7511896861408,-1.7074182458265321,-0.08866077144636833,2.24488165737309,-0.40189079023300744,0.5447265215016637,1.312410862504889,-0.3331641934566984,0.7198237888570411,1.3180264142465927
-1.6855997483625367,-0.09834138228234793,2.2440394729185154,-1.6855646636912875,-0.09834558745148138,2.244492942010405,-1.6925211811608123,-0.3785352281714318,2.7595719119277424,-1.6857967001814433,-0.09847680495394015,2.244880590212837,-0.4123912336462265,0.5659255764424863,1.3126207884794536,-0.3471751773341566,0.7401376760754704,1.3173231345771055
-1.663791700826925,-0.10770596951725103,2.2440395401294064,-1.663757509305635,-0.10771082539197117,2.2444926475262728,-1.6725335517745785,-0.3914420955961298,2.7681201243898466,-1.6639827375566276,-0.10785858903550156,2.244879592841807,-0.42332857406156194,0.5869072835377442,1.3128271546095163,-0.3616022299582104,0.760202259279494,1.3165561842959104
-1.641801786366078,-0.11663286207432481,2.2440395670913382,-1.6417676917188888,-0.11663827716889495,2.2444926568638963,-1.6523696854523766,-0.4039685115235736,2.7768377424796546,-1.6419855380578576,-0.11680232752109175,2.2448788153396095,-0.4346993191263719,0.6076631598125875,1.3130294942255882,-0.376441912916846,0.779993628762915,1.315728012545343
-1.6196387967808261,-0.1251184904766817,2.244039547601551,-1.6196040452847296,-0.12512436843742802,2.2444929538161564,-1.6320369250736273,-0.41611306984563606,2.78572849082526,-1.6198143236171214,-0.12530440931348502,2.244878385173764,-0.44649981777329045,0.6281847967501464,1.31322733043253,-0.39169039305907644,0.799488131047894,1.3148382657171125
-1.5973115068210875,-0.1331594380910936,2.2440394904233836,-1.597275448009122,-0.13316568605426038,2.244493503036187,-1.6115425420235185,-0.427874793070232,2.794796413152834,-1.5974783500966407,-0.1333614104984146,2.2448784073219628,-0.4587262587411404,0.6484638657523487,1.3134201768974079,-0.40734349952674553,0.8186625959134604,1.3138838000954782
-1.5748286817489099,-0.14075244608409088,2.244039409183009,-1.5747908179948598,-0.14075898170348766,2.244494254242556,-1.5908937549295878,-0.4392530786664652,2.804045867390126,-1.574986900740937,-0.1409700958035695,2.244878966808763,-0.4713746687243089,0.6684921236711715,1.3136075388019581,-0.42339697229381984,0.8374943838674138,1.3128603762034599
-1.5521990906170233,-0.14789441960092528,2.244039313859844,-1.5521591119434668,-0.14790117650872975,2.2444951466387937,-1.5700977556722562,-0.45024763310628485,2.813481505670635,-1.5523492808194177,-0.14812741963957426,2.24488013181228,-0.48444091011386026,0.6882614183728593,1.3137889139612184,-0.4398467495416279,0.8559613026112265,1.311764806841237
-1.5294315234192877,-0.15458243456735848,2.2440392063280523,-1.5293893254550825,-0.15458936624387287,2.244496113730686,-1.549161741128342,-0.4608583987556859,2.8231082387213946,-1.529574813721992,-0.1548305277394318,2.2448819479778157,-0.497920678298475,0.7077636942966717,1.3139637941382358,-0.4566890714530264,0.874041587501345,1.310595696263865
-1.5065348102943068,-0.1608137446810236,2.244039080105078,-1.5064904947441933,-0.16082082672740788,2.244497088635983,-1.5280929485921835,-0.4710854791621069,2.8329311890095146,-1.5066728372775404,-0.16107675740059876,2.2448844425479098,-0.5118094984926388,0.7269909979713147,1.3141316665768947,-0.47392041154095577,0.8917140325715892,1.3093529086965
-1.48351784097633,-0.1665857881574164,2.24403892367178,-1.4834716993089974,-0.16659301902342047,2.2444980095720073,-1.506898692581646,-0.4809290687102134,2.8429556344407954,-1.4836527006612217,-0.1668636374024256,2.24488762895686,-0.5261027220582996,0.7459354834550483,1.314292015768115,-0.4915373513957392,0.9089582306752774,1.3080368273301974
-1.4603895827333053,-0.1718961938685916,2.244038725860245,-1.4603420650390453,-0.1719035941318777,2.244498824895892,-1.4855864002223502,-0.49038939222470046,2.85318694729197,-1.4605237618447702,-0.1721888878616342,2.2448915097579993,-0.5407955222775785,0.7645894176728821,1.3144443253861542,-0.5095364628610646,0.9257548591762713,1.3066480004759218
-1.4371590951299122,-0.17674278649866326,2.244038482188612,-1.4371107672116343,-0.176750396905986,2.2444994970895547,-1.4641636421947388,-0.49946665958887443,2.86363053338781,-1.4372953854245991,-0.17705041999427837,2.244896078483755,-0.5558828895464945,0.782945185620267,1.3145880803926222,-0.5279142076354485,0.9420859728934995,1.3051872288065736
-1.4138355402560032,-0.18112359067395384,2.244038199234239,-1.4137870328336355,-0.18113146898451318,2.2445000053613873,-1.4426381566502617,-0.5081610396574786,2.8742917732751727,-1.4139769406971165,-0.18144633576081803,2.2449013209702864,-0.5713596259748133,0.8009952953971636,1.3147227693830017,-0.5466668273935784,0.9579353118990631,1.3036557194585168
-1.3904281874274254,-0.18503683411455327,2.2440378945733963,-1.3903801419386383,-0.18504505089402243,2.2445003442305698,-1.4210178635575903,-0.5164726556551197,2.8851759737870295,-1.3905777998839741,-0.1853749274041321,2.2449072163891914,-0.5872203393740133,0.8187323830427674,1.3148478871895792,-0.5657901903389232,0.9732886537913279,1.3020548156863077
-1.3669464118536616,-0.18848094967726445,2.2440375921709665,-1.3668994273960302,-0.18848958308427508,2.244500519675023,-1.3993108675585484,-0.5244016026156126,2.8962883368493175,-1.3671073363797264,-0.18883467671879323,2.244913739688032,-0.6034594366138385,0.8361492171496572,1.314962937698304,-0.5852796199939094,0.988134174535815,1.3003853863192618
-1.3433996872518719,-0.1914545758686069,2.24403731645138,-1.3433542725326877,-0.19146370445356675,2.2445005561615337,-1.377525448721746,-0.5319479866315066,2.907633938370035,-1.3435749230067584,-0.1918242541965158,2.244920864576992,-0.6200711163362602,0.8532387032393804,1.3150674368243775,-0.6051297739613809,1.0024627197348348,1.2986474235206966
-1.3197975729566482,-0.19395655566986134,2.244037087561715,-1.3197541073140584,-0.19396625108121998,2.244500492807114,-1.3556700408888434,-0.5391119820879595,2.9192177290849086,-1.3199899305380556,-0.19434251912511616,2.2449285579161904,-0.6370493610503788,0.8699938878682236,1.3151609157805526,-0.6253345979887325,1.0162679293149295,1.2968400921043646
-1.296149696547242,-0.19598593393139116,2.244036918285471,-1.2961084028429817,-0.19599625449107294,2.244500376318042,-1.3337531988824427,-0.5458939021440985,2.931044558828793,-1.2963617259342646,-0.19638851887838785,2.2449367807903764,-0.6543879286218092,0.8864079624493665,1.3152429245563715,-0.6458873316965112,1.0295462267729112,1.2949620801099067
-1.2724657332972578,-0.1975419538523699,2.2440368115101803,-1.2724266642926956,-0.19755293928157974,2.2445002546294237,-1.311783557126166,-0.5522942766492478,2.9431192193612685,-1.2726996704949785,-0.19796148810009864,2.2449454906028823,-0.6720803431804193,0.9024742667877379,1.315313035518111,-0.6667805322088111,1.0422967169727453,1.293011997057266
-1.248755383795577,-0.19862405275792924,2.244036759403125,-1.2487184226277241,-0.19863572035632182,2.2445001719601616,-1.289769783150125,-0.5583139306183438,2.9554465016524194,-1.2490131179621886,-0.19906084799189466,2.24495464251547,-0.6901198854941067,0.918186292324606,1.3153708470707428,-0.688006092867197,1.0545210350704024,1.2909886296958812
-1.2250283511844817,-0.19923185733635157,2.2440367456587,-1.2249932255607725,-0.19924420009122634,2.2445001650672785,-1.267720530083154,-0.5639540560053561,2.968031265359195,-1.2253114125561442,-0.1996862056856036,2.244964190474693,-0.7084995829201548,0.9335376850584957,1.3154159876521525,-0.7095552642611789,1.066223149334613,1.288891153043341
-1.2012943195778214,-0.1993651788398587,2.2440367494121922,-1.2012606281736047,-0.19937816544444606,2.2445002629569712,-1.2456443927062022,-0.5692162700830055,2.9808785147376375,-1.2016038869342014,-0.19983735368493244,2.244974087997237,-0.7272121990102862,0.9485222481573147,1.3154481196983547,-0.7314186829272157,1.0774091196208262,1.2867193888033481
-1.1775629351000763,-0.1990240086774197,2.2440367498483136,-1.1775301837122645,-0.19903758551108633,2.2445004878101606,-1.2235498716327669,-0.5741026552449129,2.9939934690322922,-1.1778998600701622,-0.19951426936648547,2.2449842888189,-0.7462502229087304,0.9631339442569413,1.3154669436529638,-0.7535864016321719,1.0880868274703066,1.2844740884543624
-1.1538437907382277,-0.19820851474869922,2.2440367307045825,-1.1538114351817528,-0.19822261116448117,2.2445008445408536,-1.2014453490650905,-0.5786157759357937,3.0073816237524995,-1.1542086350554648,-0.19871711453146304,2.244994747473852,-0.765605858727175,0.9773668974256478,1.3154722023086367,-0.776047908241437,1.0982657011197379,1.2821571404989953
-1.1301464158721335,-0.19691903876587666,2.244036684557686,-1.1301139076740454,-0.19693357387756943,2.244501323829478,-1.1793390787210727,-0.5827586707367973,3.02104879585539,-1.130539496826069,-0.19744623500031705,2.2450054198413962,-0.7852710150260226,0.9912153948321065,1.3154636848683252,-0.7987921312811255,1.1079564426632074,1.279771705585892
-1.1064802710233685,-0.1951560951601799,2.24403661395911,-1.106447101927647,-0.1951709851004627,2.2445019076089983,-1.1572391913126645,-0.5865348200095091,3.035001150060205,-1.1069017098206084,-0.195702160243592,2.245016263672835,-0.8052372946385858,1.00467388811829,1.3154412307486443,-0.8218074336128699,1.1171707578072287,1.2773223057474532
-1.082854747819697,-0.1929203718987416,2.2440365276502985,-1.0828204893207132,-0.1929355366165259,2.244502572982324,-1.1351537154788782,-0.5899480922534691,3.049245202422454,-1.0833045155761591,-0.19348560304172666,2.24502723910127,-0.8254959851356076,1.0177369945005401,1.315404733109697,-0.8450815919539728,1.125921092991096,1.2748148366237055
-1.059279173553765,-0.1902127326942557,2.2440364351750937,-1.0592435083207816,-0.19022810170834728,2.2445032949176396,-1.1130906125386044,-0.5930026744983741,3.0637877990273354,-1.0597571302682864,-0.19079745916590005,2.245038309132451,-0.846038050292906,1.0303994976210373,1.3153541423016526,-0.8686017650310938,1.1342203841198248,1.272256489621551
-1.0357628193615322,-0.18703422000340136,2.244036342902009,-1.03572556231498,-0.1870497368899178,2.24450404823964,-1.0910578219677685,-0.5957029937251148,3.0786360706974447,-1.0362687422020374,-0.18763880707136477,2.245049440112764,-0.8668541229285684,1.0426563482474256,1.3152894688618229,-0.8923544636387256,1.1420818140355855,1.2696556617374335
-1.0123149108727874,-0.18338605839339653,2.2440362524889386,-1.0122760186448962,-0.1834016839721992,2.2445048090616515,-1.0690633133566851,-0.5980536367634257,3.093797373825678,-1.0128485092603738,-0.1840109075940852,2.2450606021712765,-0.8879344995671994,1.0545026648524904,1.3152107862723361,-0.9163255287855486,1.149518583539007,1.2670218669843407
-0.9889446400864206,-0.17926965798989666,2.2440361616141824,-0.988904208570497,-0.17928537215787896,2.2445055562639453,-1.0471151396923981,-0.6000592771436073,3.1092792218310468,-0.9895055563163402,-0.17991520364153626,2.2450717696314637,-0.909269137347561,1.0659337341601367,1.3151182328148547,-0.9405001266552413,1.1565436943436653,1.2643657227835423
-0.9656611771918439,-0.17468661779631178,2.244036065976955,-0.965619427829262,-0.1747024199564626,2.244506272875033,-1.0252214862765927,-0.6017246172013205,3.125089209738431,-0.9662489726149157,-0.17535331986929065,2.245082921382631,-0.9308476537003207,1.0769450116496304,1.3150120129851373,-0.9648627617864748,1.1631697590337282,1.2616989536527499
-0.942473681092173,-0.1696387286263225,2.244035961886568,-0.9424309374200304,-0.1696546367268251,2.2445069472205073,-1.0033907095741745,-0.6030543519540092,3.1412349388561505,-0.943087809129864,-0.17032706233361178,2.2450940412130596,-0.952659329320951,1.0875321220422254,1.3148923985691885,-0.989397298324115,1.169408865912357,1.2590341855683131
-0.9193913075073896,-0.1641279754983469,2.2440358480937816,-0.9193479642325125,-0.16414402369916137,2.244507573629341,-0.9816313609371818,-0.6040531588058559,3.157723953304027,-0.9200310759002985,-0.16483841811023733,2.2451051181115176,-0.9746931149622787,1.0976908598246733,1.3147597291229838,-1.0140870027414322,1.1752724665015375,1.256384785862496
-0.896423213761595,-0.15815653922568862,2.2440357268074114,-0.8963797011686337,-0.15817277436825397,2.244508152544109,-0.9599521914090099,-0.6047257146491368,3.1745636980781287,-0.8970877393511458,-0.15888955487145287,2.2451161465291003,-0.9969376426622356,1.1074171897953673,1.314614412558857,-1.0389146028482739,1.1807712818434497,1.2537647416666278
-0.873578559654362,-0.15172679708012854,2.2440356033536277,-0.8735353064179325,-0.15174327447437494,2.2445086876253844,-0.9383621356463476,-0.6050767403917281,3.191761487143292,-0.8742667196012479,-0.15248282041818725,2.2451271265528825,-1.0193812416984809,1.1167072480614724,1.3144569221417381,-1.0638623601993749,1.185915228528923,1.2511885472279047
-0.8508665041926661,-0.14484132237617822,2.2440354850211,-0.8508239016877851,-0.1448581013263763,2.2445091816314107,-0.9168702754935514,-0.6051110671450989,3.2093245036716187,-0.8515768877633049,-0.14562074215502877,2.245138064037404,-1.0420119597690563,1.1255573431789596,1.314287791764003,-1.0889121561420279,1.1907133628457323,1.2486711010029652
-0.8282961983339657,-0.13750288294207058,2.244035379597068,-0.8282545695277107,-0.13752002081219686,2.244509645548496,-0.8954857861881537,-0.6048337172579973,3.227259834514985,-0.8290270632389933,-0.1383060265025921,2.245148970694242,-1.0648175897851595,1.1339639570675524,1.3141076111897485,-1.1140455919391257,1.1951738407480068,1.2462276202137264
-0.80587677422738,-0.12971443856470777,2.244035293928138,-0.8058363493238352,-0.12973198518984255,2.2445100962694893,-0.8742178704381828,-0.6042499921505994,3.2455745297454026,-0.8066260110121054,-0.1305415582419778,2.2451598641395116,-1.0877857024672988,1.1419237458739144,1.3139170191362275,-1.1392441023058455,1.199303892520225,1.2438735663229041
-0.7836173316764097,-0.12147913768915285,2.2440352318346015,-0.7835782321332401,-0.12149713067361796,2.2445105517305515,-0.8530756874415036,-0.6033655574056593,3.264275680679453,-0.7843824389418492,-0.12233039978533157,2.2451707679059756,-1.1109036849299754,1.149433540949495,1.3137166937114948,-1.1644890802048196,1.2031098142705188,1.2416245345991586
-0.7615269227130469,-0.112800313475994,2.244035192146311,-0.7614891546076584,-0.11281877454705315,2.244511027226472,-0.832068284857725,-0.602186515431486,3.2833705096749237,-0.7623049950566076,-0.113675790371221,2.2451817113875845,-1.134158785386485,1.1564903498427774,1.313507343034507,-1.1897620111737355,1.2065969795575553,1.239496043374601
-0.7396145353017844,-0.10368147921458963,2.2440351685988142,-0.7395779922708601,-0.10370041194448142,2.244511533329408,-0.8112045418413992,-0.6007194572152462,3.3028664632856364,-0.7404022648495775,-0.10458114518173524,2.2451927297132754,-1.1575381637908284,1.1630913573860957,1.313289696755966,-1.2150446182264167,1.2097698693880392,1.2375032200504756
-0.7178890772251881,-0.09412632339023723,2.244035151256104,-0.7178535525015736,-0.09414571228503259,2.244512077118009,-0.790493130187024,-0.5989714872620117,3.3227712946837134,-0.7186827685805849,-0.09505005437297484,2.245203863603521,-1.181028947902981,1.1692339272559868,1.3130644960199656,-1.240319018604624,1.2126321161716456,1.2356604158489535
-0.6963593611668313,-0.08413870476679959,2.2440351287406015,-0.6963245674590195,-0.08415851577083938,2.2445126646176523,-0.7699424986438422,-0.5969502182918847,3.3430931299632385,-0.6971549585854738,-0.08508628202137325,2.245215159168033,-1.2046182942639032,1.1749156040520916,1.3128324816599908,-1.2655678922038232,1.2151865563301625,1.2339807945947712
